Type,Description,Case#,Location#,LocationName,Agency,DateMonth2015,DateDay,Hour,Minute,AMPM,Thour,long,lat,spec
THEFT,OTHER MISDEMEANOR,Eau Claire PD 0115009604,400,BLOCK N FARWELL ST,Eau Claire Police,5,23,11,59,PM,23,44.816635,-91.500563,
ORD COMPLAINT,LOUD PARTY,Eau Claire PD 0115009499,500,BLOCK WATER ST,Eau Claire Police,5,23,11,28,PM,23,44.802189,-91.509767,water
THEFT,FROM AUTO CAR ENTRY,Eau Claire PD 0115009632,200,BLOCK 8TH AV,Eau Claire Police,5,23,11,0,PM,23,44.802183,-91.515905,water
ORD COMPLAINT,LOUD MUSIC,Eau Claire PD 0115009574,3200,BLOCK ELDORADO BLVD,Eau Claire Police,5,23,10,18,PM,22,44.786547,-91.514604,
DISTURBANCE,,Eau Claire PD 0115009568,900,BLOCK RICHARD DR,Eau Claire Police,5,23,9,1,PM,21,44.79057,-91.508443,
SEX OFFENSE,OTHER FELONY ASSAULT,Eau Claire PD 0115009573,2000,BLOCK 3RD ST,Eau Claire Police,5,23,8,30,PM,20,44.819248,-91.513576,
ORD COMPLAINT,DISORDERLY CONDUCT,Eau Claire CSO 0215003122,5400,BLOCK OLSON DR,Eau Claire County Sheriff,5,23,8,20,PM,20,44.836202,-91.419424,
BURGLARY,OTHER UNLAWFUL,Eau Claire PD 0115009591,1700,BLOCK COOLIDGE CT,Eau Claire Police,5,23,6,0,PM,18,44.79742,-91.48924,
THEFT,SERVICES,Eau Claire PD 0115009561,400,BLOCK NIAGARA ST,Eau Claire Police,5,23,5,27,PM,17,44.804076,-91.507745,
THEFT,OTHER MISDEMEANOR,Eau Claire PD 0115008934,400,BLOCK EAU CLAIRE ST,Eau Claire Police,5,23,5,1,PM,17,44.812755,-91.499309,library
THEFT,SERVICES,Eau Claire PD 0115009841,900,BLOCK RICHARD DR,Eau Claire Police,5,23,4,48,PM,16,44.79057,-91.508443,
DISTURBANCE,FIGHTING,Eau Claire PD 0115009557,3100,BLOCK ELDORADO BLVD,Eau Claire Police,5,23,4,41,PM,16,44.788042,-91.514953,
ANIMAL,BARKING DOG,Eau Claire PD 0115009551,600,BLOCK MAPLE ST,Eau Claire Police,5,23,3,43,PM,15,44.819899,-91.517972,
THEFT,GAS SKIP,Eau Claire PD 0115009566,1400,BLOCK BIRCH ST,Eau Claire Police,5,23,3,31,PM,15,44.820497,-91.488994,
THEFT,RETAIL,Eau Claire PD 0115009820,4700,BLOCK GOLF RD,Eau Claire Police,5,23,3,0,PM,15,44.771715,-91.445768,
FRAUD,IDENTITY THEFT,Eau Claire PD 0115009547,2800,BLOCK KELLEY PL,Eau Claire Police,5,23,2,56,PM,14,44.789305,-91.502163,
THEFT,RETAIL,Eau Claire PD 0115009544,4700,BLOCK GOLF RD,Eau Claire Police,5,23,2,49,PM,14,44.771715,-91.445768,
DISTURBANCE,ALL OTHER,Eau Claire PD 0115009543,900,BLOCK BARLAND ST,Eau Claire Police,5,23,2,38,PM,14,44.811568,-91.49094,
DISTURBANCE,,Eau Claire PD 0115009539,2600,BLOCK SHADY GROVE RD,Eau Claire Police,5,23,2,4,PM,14,44.833488,-91.473423,
ANIMAL,BARKING DOG,Eau Claire PD 0115009537,3200,BLOCK LOCUST LA,Eau Claire Police,5,23,12,51,PM,12,44.852473,-91.464385,
THEFT,OTHER FELONY,Eau Claire PD 0115010771,1700,BLOCK EMERY ST,Eau Claire Police,5,23,12,0,PM,12,44.810889,-91.477266,
BURGLARY,UNLAWFUL RESIDENTIAL,Eau Claire PD 0115009567,600,BLOCK CENTRE ST,Eau Claire Police,5,23,10,0,AM,10,44.820474,-91.49169,
DISTURBANCE,,Eau Claire PD 0115009524,1200,BLOCK 5TH AV,Eau Claire Police,5,23,9,15,AM,9,44.811519,-91.510107,
TRAFFIC,OMV WHILE INTOXICATED,Eau Claire PD 0115009520,2900,BLOCK CRAIG RD,Eau Claire Police,5,23,8,48,AM,8,44.789096,-91.519003,
THEFT,FROM COIN OPERATED MACHINE,Eau Claire PD 0115009646,2200,BLOCK FOLSOM ST,Eau Claire Police,5,23,8,0,AM,8,44.828742,-91.539364,
ORD COMPLAINT,LOUD MUSIC,Eau Claire PD 0115009517,600,BLOCK BIRCH ST,Eau Claire Police,5,23,7,29,AM,7,44.820436,-91.499267,
ANIMAL,BARKING DOG,Eau Claire PD 0115009513,500,BLOCK ERIN ST,Eau Claire Police,5,23,4,25,AM,4,44.818251,-91.49802,
BATTERY,NON-AGGRAVATED,Eau Claire PD 0115009500,3800,BLOCK BOARDWALK ST,Eau Claire Police,5,22,11,26,PM,23,44.777453,-91.466961,
ORD COMPLAINT,LOUD PARTY,Eau Claire PD 0115009497,800,BLOCK MARKET ST,Eau Claire Police,5,22,11,8,PM,23,44.800479,-91.515957,
THEFT,RETAIL,Eau Claire PD 0115009496,100,BLOCK W MADISON ST,Eau Claire Police,5,22,10,58,PM,22,44.815649,-91.509359,
CRIM DAMAGE,OTHER PROPERTY,Eau Claire PD 0115009495,500,BLOCK DODGE ST,Eau Claire Police,5,22,10,30,PM,22,44.811372,-91.49376,
ORD COMPLAINT,LOUD PARTY,Eau Claire PD 0115009494,800,BLOCK NIAGARA ST,Eau Claire Police,5,22,9,59,PM,21,44.804123,-91.515951,
DISTURBANCE,,Eau Claire CSO 0215003096,2900,BLOCK BLAKELEY AV,Eau Claire County Sheriff,5,22,8,50,PM,20,44.789209,-91.465768,
DISTURBANCE,,Eau Claire PD 0115009485,1000,BLOCK E MADISON ST,Eau Claire Police,5,22,7,34,PM,19,44.81597,-91.505656,
BURGLARY,FORCED COMMERCIAL,Eau Claire PD 0115009711,2200,BLOCK MELBY ST,Eau Claire Police,5,22,7,0,PM,19,44.864567,-91.478077,
ORD COMPLAINT,LOUD PARTY,Eau Claire PD 0115009479,2900,BLOCK WINSOR DR,Eau Claire Police,5,22,6,16,PM,18,,,
DISTURBANCE,,Eau Claire PD 0115009474,1300,BLOCK MENOMONIE ST,Eau Claire Police,5,22,6,7,PM,18,44.799785,-91.530348,near water
DISTURBANCE,,Eau Claire CSO 0215003090,W3900 ,BLOCK MITCHELL RD,Eau Claire County Sheriff,5,22,5,33,PM,17,,,
THEFT,OTHER MISDEMEANOR,Eau Claire PD 0115009814,3600,BLOCK HESTER ST,Eau Claire Police,5,22,3,0,PM,15,44.780324,-91.473237,
THEFT,FROM BUILDING,Eau Claire PD 0115009894,800,BLOCK GRAHAM AV,Eau Claire Police,5,22,2,0,PM,14,44.806779,-91.496621,
THEFT,RETAIL,Eau Claire PD 0115009813,3700,BLOCK GATEWAY DR,Eau Claire Police,5,22,1,58,PM,13,44.778243,-91.4316,
ORD COMPLAINT,DISORDERLY CONDUCT,Eau Claire CSO 0215003085,2000,BLOCK N HILLCREST PKWY,Eau Claire County Sheriff,5,22,12,3,PM,12,44.795437,-91.458025,
GRAFFITI,OTHER PROPERTY,Eau Claire PD 0115010485,400,BLOCK E MADISON ST,Eau Claire Police,5,22,12,0,PM,12,44.816423,-91.501836,
THEFT,OTHER MISDEMEANOR,Eau Claire PD 0115009607,800,BLOCK CHAPIN ST,Eau Claire Police,5,22,12,0,PM,12,44.809102,-91.474754,
FRAUD,WORTHLESS CHECKS,Eau Claire PD 0115009436,1400,BLOCK S HASTINGS WAY,Eau Claire Police,5,22,10,41,AM,10,44.803484,-91.470315,
BATTERY,NON-AGGRAVATED,Eau Claire PD 0115009450,2000,BLOCK VINE ST,Eau Claire Police,5,22,10,0,AM,10,44.821478,-91.53517,delong middle school
ANIMAL,BARKING DOG,Eau Claire PD 0115009429,3300,BLOCK DELBERT RD,Eau Claire Police,5,22,9,45,AM,9,44.856746,-91.461551,
GRAFFITI,PUBLIC PROPERTY,Eau Claire PD 0115009430,100,BLOCK SIMON CT,Eau Claire Police,5,22,9,42,AM,9,44.831692,-91.507032,
SEX OFFENDER,SORP REGISTRATION,Eau Claire PD 0115009425,700,BLOCK OXFORD AV,Eau Claire Police,5,22,9,8,AM,9,44.80698,-91.504399,
THEFT,RETAIL,Eau Claire PD 0115009433,200,BLOCK W MADISON ST,Eau Claire Police,5,22,8,15,AM,8,44.815574,-91.510317,
DISTURBANCE,DISORDERLY CONDUCT,Eau Claire PD 0115009423,2000,BLOCK VINE ST,Eau Claire Police,5,22,7,0,AM,7,44.821478,-91.53517,delong middle school
DRUG,MARIJUANA POSSESSION,Eau Claire PD 0115009416,700,BLOCK PARK RIDGE DR,Eau Claire Police,5,22,2,42,AM,2,44.807211,-91.531919,
ORD COMPLAINT,ALL OTHER - ALCOHOL,Eau Claire CSO 0215003093,1500,BLOCK S 65TH AV,Eau Claire County Sheriff,5,22,2,5,AM,2,,,
OMVWI,,Eau Claire CSO 0215003076,5500,BLOCK PERTH DR,Eau Claire County Sheriff,5,22,2,5,AM,2,44.826202,-91.417212,
ORD COMPLAINT,LOUD PARTY,Eau Claire PD 0115009414,200,BLOCK HUDSON ST,Eau Claire Police,5,22,2,2,AM,2,44.806039,-91.503464,
ORD COMPLAINT,OTHER ALCOHOL,Eau Claire PD 0115009413,400,BLOCK WATER ST,Eau Claire Police,5,22,1,45,AM,1,44.802161,-91.507726,water
BATTERY,NON-AGGRAVATED,Eau Claire PD 0115010644,1200,BLOCK OMAHA ST,Eau Claire Police,5,22,12,1,AM,0,44.821883,-91.49165,
ORD COMPLAINT,LOUD PARTY,Eau Claire PD 0115009329,500,BLOCK 5TH AV,Eau Claire Police,5,21,11,0,PM,23,44.805062,-91.509772,
ORD COMPLAINT,LOUD PARTY,Eau Claire PD 0115009404,400,BLOCK BROADWAY ST,Eau Claire Police,5,21,10,30,PM,22,,,
ORD COMPLAINT,LOUD PARTY,Eau Claire PD 0115009410,500,BLOCK WATER ST,Eau Claire Police,5,21,10,0,PM,22,44.802189,-91.509767,water
ORD COMPLAINT,LOUD MUSIC,Eau Claire PD 0115009401,900,BLOCK FOUNTAIN ST,Eau Claire Police,5,21,9,2,PM,21,44.823163,-91.522286,
THEFT,FROM AUTO CAR ENTRY,Eau Claire PD 0115009420,2200,BLOCK SEYMOUR RD,Eau Claire Police,5,21,9,0,PM,21,44.8258,-91.478668,
THEFT,FROM AUTO CAR ENTRY,Eau Claire PD 0115009431,2200,BLOCK SEYMOUR RD,Eau Claire Police,5,21,9,0,PM,21,44.8258,-91.478668,
FRAUD,ALL OTHER,Eau Claire PD 0115009323,3800,BLOCK LEVER ST,Eau Claire Police,5,21,7,38,PM,19,44.777249,-91.458324,
THEFT,OTHER MISDEMEANOR,Eau Claire PD 0115009422,2000,BLOCK VINE ST,Eau Claire Police,5,21,7,0,PM,19,44.821478,-91.53517,delong middle school
DRUG,COCAINE POSSESSION,Eau Claire PD 0115009388,2200,BLOCK BIRCH ST,Eau Claire Police,5,21,6,0,PM,18,44.820499,-91.478662,
GRAFFITI,RELIGIOUS PROPERTY,Eau Claire PD 0115009806,400,BLOCK S BARSTOW ST,Eau Claire Police,5,21,5,0,PM,17,44.810105,-91.49876,
THEFT,BIKE,Eau Claire PD 0115009378,400,BLOCK EAU CLAIRE ST,Eau Claire Police,5,21,4,15,PM,16,44.812755,-91.499309,library
THEFT,OTHER MISDEMEANOR,Eau Claire PD 0115009369,200,BLOCK FERRY ST,Eau Claire Police,5,21,2,43,PM,14,44.7978,-91.535306,
FRAUD,ATTEMPTED,Eau Claire PD 0115009372,100,BLOCK PARK PL,Eau Claire Police,5,21,1,44,PM,13,44.800375,-91.498349,
ANIMAL,BARKING DOG,Eau Claire PD 0115009361,3300,BLOCK LOCUST LA,Eau Claire Police,5,21,1,2,PM,13,44.85396,-91.461957,
THEFT,FROM AUTO CAR ENTRY,Eau Claire PD 0115009360,800,BLOCK EMERY ST,Eau Claire Police,5,21,1,2,PM,13,44.80964,-91.490557,
TRAFFIC,OMV WHILE INTOXICATED,Eau Claire PD 0115009346,2900,BLOCK E HAMILTON AV,Eau Claire Police,5,21,9,41,AM,9,44.786514,-91.461005,
DISTURBANCE,DISORDERLY CONDUCT,Eau Claire PD 0115009341,200,BLOCK 5TH AV,Eau Claire Police,5,21,8,24,AM,8,44.802179,-91.509782,water
BATTERY,NON-AGGRAVATED,Eau Claire PD 0115009337,300,BLOCK W GRAND AV,Eau Claire Police,5,21,6,30,AM,6,44.808701,-91.505093,
ORD COMPLAINT,LOUD MUSIC,Eau Claire PD 0115009331,300,BLOCK NIAGARA ST,Eau Claire Police,5,21,1,30,AM,1,44.804091,-91.505689,
BURGLARY,UNLAWFUL RESIDENTIAL,Eau Claire PD 0115009335,300,BLOCK WATER ST,Eau Claire Police,5,20,11,30,PM,23,44.80217,-91.505665,water
FRAUD,ALL OTHER,Eau Claire PD 0115009327,3200,BLOCK ALF AV,Eau Claire Police,5,20,10,48,PM,22,44.783683,-91.456702,
FRAUD,CREDIT CARD,Eau Claire PD 0115009990,3200,BLOCK RUNWAY AV,Eau Claire Police,5,20,10,30,PM,22,44.871219,-91.463672,
DISTURBANCE,DISORDERLY CONDUCT,Eau Claire PD 0115009316,4000,BLOCK COMMONWEALTH AV,Eau Claire Police,5,20,7,36,PM,19,44.774651,-91.437363,
THEFT,RETAIL,Eau Claire PD 0115009315,4800,BLOCK GOLF RD,Eau Claire Police,5,20,7,33,PM,19,44.774849,-91.441109,mall
THEFT,RETAIL,Eau Claire PD 0115009314,4800,BLOCK GOLF RD,Eau Claire Police,5,20,7,33,PM,19,44.774849,-91.441109,mall
THEFT,EMBEZZLEMENT,Eau Claire PD 0115009344,2000,BLOCK S HASTINGS WAY,Eau Claire Police,5,20,7,15,PM,19,44.795187,-91.460844,
THEFT,OTHER MISDEMEANOR,Eau Claire PD 0115009317,2700,BLOCK SOUTH SLOPE TER,Eau Claire Police,5,20,6,28,PM,18,44.82271,-91.472201,
DISTURBANCE,FIGHTING,Eau Claire PD 0115009305,2700,BLOCK CRAIG RD,Eau Claire Police,5,20,6,0,PM,18,44.790566,-91.519033,
THEFT,RETAIL,Eau Claire PD 0115009304,4700,BLOCK GOLF RD,Eau Claire Police,5,20,5,56,PM,17,44.771715,-91.445768,
THEFT,BIKE,Eau Claire PD 0115009320,800,BLOCK E GRAND AV,Eau Claire Police,5,20,5,20,PM,17,44.813119,-91.493848,
DISTURBANCE,NEIGHBOR TROUBLE,Eau Claire PD 0115009283,1200,BLOCK STATE ST,Eau Claire Police,5,20,2,36,PM,14,44.80313,-91.494638,
CRIM DAMAGE,PRIVATE PROPERTY,Eau Claire PD 0115009321,1400,BLOCK BADGER AV,Eau Claire Police,5,20,1,0,PM,13,44.805439,-91.482356,
DISTURBANCE,,Eau Claire PD 0115009279,1700,BLOCK NELSON DR,Eau Claire Police,5,20,12,39,PM,12,44.816481,-91.543114,
THEFT,IDENTITY,Eau Claire CSO 0215003046,7100,BLOCK SOUTH SHORE DR,Eau Claire County Sheriff,5,20,11,34,AM,11,,,
THEFT,OTHER MISDEMEANOR,Eau Claire PD 0115009351,3400,BLOCK MARTENSON ST,Eau Claire Police,5,20,11,0,AM,11,44.783923,-91.479422,
THEFT,BIKE,Eau Claire PD 0115009260,900,BLOCK WATER ST,Eau Claire Police,5,20,3,30,AM,3,44.80217,-91.517949,water
DISTURBANCE,DISORDERLY CONDUCT,Eau Claire PD 0115009258,2000,BLOCK HIGHLAND AV,Eau Claire Police,5,20,3,0,AM,3,44.807305,-91.47345,
ORD COMPLAINT,LOUD PARTY,Eau Claire PD 0115009254,3200,BLOCK OAK KNOLL DR,Eau Claire Police,5,20,12,55,AM,0,44.767515,-91.456034,
CRIM DAMAGE,PRIVATE PROPERTY,Eau Claire PD 0115009270,4600,BLOCK SPEROS LA,Eau Claire Police,5,19,11,0,PM,23,44.769941,-91.466925,
BATTERY,NON-AGGRAVATED,Eau Claire PD 0115009287,900,BLOCK CEDAR ST,Eau Claire Police,5,19,10,0,PM,22,44.822078,-91.522262,
VEHICLE,STOLEN LOCALLY,Eau Claire PD 0115009249,2200,BLOCK BIRCH ST,Eau Claire Police,5,19,9,14,PM,21,44.820499,-91.478662,
DISTURBANCE,,Eau Claire PD 0115009247,900,BLOCK S FARWELL ST,Eau Claire Police,5,19,9,12,PM,21,44.806841,-91.494097,
THEFT,RETAIL,Eau Claire PD 0115009248,3300,BLOCK E HAMILTON AV,Eau Claire Police,5,19,9,0,PM,21,44.785632,-91.456184,
ORD COMPLAINT,LOUD MUSIC,Eau Claire PD 0115009245,1600,BLOCK WESTERN AV,Eau Claire Police,5,19,8,51,PM,20,44.835204,-91.477563,
DISTURBANCE,,Eau Claire CSO 0215003035,3400,BLOCK BLAKELEY AV,Eau Claire County Sheriff,5,19,8,48,PM,20,44.783723,-91.465657,
ORD COMPLAINT,LOUD MUSIC,Eau Claire PD 0115009239,1200,BLOCK BROOKLINE AV,Eau Claire Police,5,19,6,56,PM,18,44.828371,-91.465392,
CRIM DAMAGE,OTHER PROPERTY,Eau Claire PD 0115009352,1200,BLOCK S HASTINGS WAY,Eau Claire Police,5,19,4,30,PM,16,44.805528,-91.470938,
THEFT,RETAIL,Eau Claire PD 0115009353,900,BLOCK W CLAIREMONT AV,Eau Claire Police,5,19,4,0,PM,16,44.793426,-91.512522,sacred heart hospital
FRAUD,ALL OTHER,Eau Claire PD 0115009216,2300,BLOCK WESTERN AV,Eau Claire Police,5,19,3,25,PM,15,44.850672,-91.473535,
DRUG,METH POSSESSION,Eau Claire PD 0115009217,2500,BLOCK S HASTINGS WAY,Eau Claire Police,5,19,2,38,PM,14,44.793711,-91.458619,
CRIM DAMAGE,OTHER PROPERTY,Eau Claire PD 0115009440,600,BLOCK 5TH AV,Eau Claire Police,5,19,12,1,AM,0,44.806018,-91.509782,
ORD COMPLAINT,OTHER NOISE,Eau Claire PD 0115009184,3100,BLOCK ELDORADO BLVD,Eau Claire Police,5,18,11,19,PM,23,44.78805,-91.514953,
THEFT,FROM AUTO CAR ENTRY,Eau Claire PD 0115009454,2000,BLOCK SECLUSION DR,Eau Claire Police,5,18,10,0,PM,22,44.838725,-91.482535,
CRIM DAMAGE,VEHICLE,Eau Claire PD 0115009223,900,BLOCK FAIRMONT AV,Eau Claire Police,5,18,9,0,PM,21,44.809091,-91.54029,
ORD COMPLAINT,LOUD MUSIC,Eau Claire PD 0115009177,1000,BLOCK MERIDIAN HGHTS DR,Eau Claire Police,5,18,8,37,PM,20,44.809227,-91.537745,
CRIM DAMAGE,PRIVATE PROPERTY,Eau Claire PD 0115009199,2500,BLOCK MELMAR CT,Eau Claire Police,5,18,8,30,PM,20,44.818297,-91.544825,
ORD COMPLAINT,LOUD MUSIC,Eau Claire PD 0115009173,2100,BLOCK MITTELSTADT LA,Eau Claire Police,5,18,8,10,PM,20,44.821218,-91.541023,
DISTURBANCE,DISORDERLY CONDUCT,Eau Claire PD 0115009169,3100,BLOCK ELDORADO BLVD,Eau Claire Police,5,18,7,0,PM,19,44.788039,-91.514943,
THEFT,GAS SKIP,Eau Claire PD 0115009821,2100,BLOCK HIGHLAND AV,Eau Claire Police,5,18,5,57,PM,17,44.807344,-91.471274,
THEFT,IDENTITY,Eau Claire CSO 0215003007,700,BLOCK S 130TH AV,Eau Claire County Sheriff,5,18,4,23,PM,16,,,
DISTURBANCE,Eau Claire PD 0115009178,,4800,BLOCK SOUTHRIDGE CT,Eau Claire Police,5,18,4,0,PM,16,44.783803,-91.434805,
THEFT,OTHER MISDEMEANOR,Eau Claire PD 0115009158,4100,BLOCK N TOWN HALL RD,Eau Claire Police,5,18,3,55,PM,15,44.843924,-91.589636,
DISTURBANCE,DISORDERLY CONDUCT,Eau Claire PD 0115009148,1200,BLOCK WHIPPLE ST,Eau Claire Police,5,18,2,17,PM,14,44.811443,-91.513444,
THEFT,RETAIL,Eau Claire PD 0115009226,3600,BLOCK S HASTINGS WAY,Eau Claire Police,5,18,1,36,PM,13,44.781327,-91.440967,
SEX OFFENSE,OTHER FELONY ASSAULT,Eau Claire PD 0115009143,1500,BLOCK S FARWELL ST,Eau Claire Police,5,18,11,0,AM,11,44.799932,-91.489042,
ORD COMPLAINT,LOUD MUSIC,Eau Claire PD 0115009131,2100,BLOCK MITTELSTADT LA,Eau Claire Police,5,18,10,34,AM,10,44.821116,-91.541034,
CRIMINAL DAMAGE,,Eau Claire CSO 0215002985,700,BLOCK 2ND AV,Eau Claire County Sheriff,5,18,12,24,AM,0,44.806984,-91.5034,
DISTURBANCE,,Eau Claire PD 0115010456,2100,BLOCK VIENNA TER,Eau Claire Police,5,18,12,1,AM,0,44.796151,-91.543747,
DRUG,POSSESS DRUG PARAPHERNALIA,Eau Claire PD 0115009105,600,BLOCK RANDALL ST,Eau Claire Police,5,17,6,6,PM,18,44.814615,-91.513936,
GRAFFITI,OTHER PROPERTY,Eau Claire PD 0115009102,400,BLOCK GRAHAM AV,Eau Claire Police,5,17,5,41,PM,17,44.809791,-91.499452,
DISTURBANCE,,Eau Claire CSO 0215002979,2900,BLOCK BLAKELEY AV,Eau Claire County Sheriff,5,17,3,31,PM,15,44.789197,-91.465757,
DISTURBANCE,DISORDERLY CONDUCT,Eau Claire PD 0115009096,3100,BLOCK DEERFIELD DR,Eau Claire Police,5,17,2,50,PM,14,44.832645,-91.466803,
DRUG INVESTIGATION/INFORMATION,,Eau Claire CSO 0215002977,100,BLOCK E MCKINLEY AV,Eau Claire County Sheriff,5,17,2,43,PM,14,44.762558,-91.27715,
THEFT,RETAIL,Eau Claire PD 0115009153,3600,BLOCK S HASTINGS WAY,Eau Claire Police,5,17,2,36,PM,14,44.781353,-91.440988,
DISTURBANCE,,Eau Claire PD 0115009094,2700,BLOCK EDDY LA,Eau Claire Police,5,17,2,21,PM,14,44.850747,-91.471184,
ANIMAL,BARKING DOG,Eau Claire PD 0115009091,2900,BLOCK NORTHLAND DR,Eau Claire Police,5,17,1,59,PM,13,44.849528,-91.47075,
THEFT,RETAIL,Eau Claire PD 0115009086,2200,BLOCK BIRCH ST,Eau Claire Police,5,17,12,30,PM,12,44.820499,-91.478662,
FRAUD,ALL OTHER,Eau Claire PD 0115009367,1800,BLOCK S HASTINGS WAY,Eau Claire Police,5,17,12,0,PM,12,44.800292,-91.468711,
THEFT,OTHER,Eau Claire CSO 0215002967,N500 ,BLOCK CTH XX,Eau Claire County Sheriff,5,17,10,0,AM,10,,,
CRIMINAL DAMAGE,,Eau Claire CSO 0215002965,1400,BLOCK HIGHLAND AV,Eau Claire County Sheriff,5,17,9,48,AM,9,44.807244,-91.482365,
CRIM DAMAGE,VEHICLE,Eau Claire PD 0115009098,800,BLOCK STARR AV,Eau Claire Police,5,17,2,30,AM,2,44.822489,-91.47869,
DRUG,MARIJUANA POSSESSION,Eau Claire PD 0115009066,500,BLOCK CAMERON ST,Eau Claire Police,5,17,2,29,AM,2,44.816364,-91.513569,
BATTERY,HANDS FIST FEET AGGRAV,Eau Claire PD 0115009064,100,BLOCK CHIPPEWA ST,Eau Claire Police,5,17,2,2,AM,2,44.803142,-91.501732,near water
ORD COMPLAINT,LOUD PARTY,Eau Claire PD 0115009063,3500,BLOCK PARKSIDE EAST CIR,Eau Claire Police,5,17,1,51,AM,1,44.781025,-91.511989,
DISTURBANCE,DISORDERLY CONDUCT,Eau Claire PD 0115009061,1500,BLOCK S HASTINGS WAY,Eau Claire Police,5,17,12,20,AM,0,44.802698,-91.470528,
ORD COMPLAINT,LOUD MUSIC,Eau Claire PD 0115009060,900,BLOCK S FARWELL ST,Eau Claire Police,5,17,12,18,AM,0,44.806867,-91.49415,
ORD COMPLAINT,DISORDERLY CONDUCT,Eau Claire CSO 0215002959,2800,BLOCK LONDON RD,Eau Claire County Sheriff,5,16,11,58,PM,23,44.789666,-91.463763,
DISTURBANCE,,Eau Claire PD 0115009058,900,BLOCK BROADVIEW BLVD,Eau Claire Police,5,16,11,56,PM,23,44.788193,-91.543276,
DISTURBANCE,,Eau Claire CSO 0215002958,3200,BLOCK E CLAIREMONT AV,Eau Claire County Sheriff,5,16,11,22,PM,23,44.795452,-91.458036,
DISTURBANCE,DISORDERLY CONDUCT,Eau Claire PD 0115009053,2200,BLOCK 2ND ST,Eau Claire Police,5,16,11,12,PM,23,44.821523,-91.512644,
THEFT,FROM AUTO CAR ENTRY,Eau Claire PD 0115009080,2500,BLOCK S HASTINGS WAY,Eau Claire Police,5,16,11,0,PM,23,44.793723,-91.458651,
ORD COMPLAINT,LOUD PARTY,Eau Claire PD 0115009052,200,BLOCK CHIPPEWA ST,Eau Claire Police,5,16,10,57,PM,22,44.803147,-91.503378,near water
ORD COMPLAINT,LOUD PARTY,Eau Claire PD 0115009051,5300,BLOCK CHRISTOPHER DR,Eau Claire Police,5,16,10,39,PM,22,44.837686,-91.583156,
ORD COMPLAINT,OTHER NOISE,Eau Claire PD 0115009048,1800,BLOCK PETERSON AV,Eau Claire Police,5,16,10,34,PM,22,44.836323,-91.437588,
ORD COMPLAINT,LOUD MUSIC,Eau Claire PD 0115009047,500,BLOCK 3RD AV,Eau Claire Police,5,16,10,25,PM,22,44.805036,-91.505658,
CRIM DAMAGE,VEHICLE,Eau Claire PD 0115009156,1400,BLOCK HIGHLAND AV,Eau Claire Police,5,16,10,0,PM,22,44.807225,-91.482365,
ORD COMPLAINT,DISORDERLY CONDUCT,Eau Claire CSO 0215002955,3200,BLOCK E CLAIREMONT AV,Eau Claire County Sheriff,5,16,9,53,PM,21,44.795426,-91.458025,
ORD COMPLAINT,LOUD MUSIC,Eau Claire PD 0115009044,3200,BLOCK MONROE ST,Eau Claire Police,5,16,8,35,PM,20,44.854351,-91.473026,
DISTURBANCE,FIGHTING,Eau Claire PD 0115009039,100,BLOCK RANDALL ST,Eau Claire Police,5,16,8,35,PM,20,44.814698,-91.509325,
ORD COMPLAINT,OTHER NOISE,Eau Claire PD 0115009043,1200,BLOCK MERIDIAN HGHTS DR,Eau Claire Police,5,16,8,33,PM,20,44.81121,-91.53889,
THEFT,BIKE,Eau Claire PD 0115009037,1100,BLOCK MAIN ST,Eau Claire Police,5,16,7,12,PM,19,44.812398,-91.486605,
DISTURBANCE,,Eau Claire PD 0115009038,500,BLOCK CEDAR ST,Eau Claire Police,5,16,7,11,PM,19,44.822318,-91.516633,
BATTERY,KNIFE/CUTTING INSTRUM,Eau Claire PD 0115009034,400,BLOCK N BARSTOW ST,Eau Claire Police,5,16,7,7,PM,19,44.816438,-91.501874,
DISTURBANCE,,Eau Claire PD 0115009057,400,BLOCK N BARSTOW ST,Eau Claire Police,5,16,7,7,PM,19,44.816438,-91.501874,
ORD COMPLAINT, LOUD PARTY,Eau Claire PD 0115009032,800,BLOCK NIAGARA ST,Eau Claire Police,5,16,7,7,PM,19,44.804116,-91.515973,
BATTERY,NON-AGGRAVATED,Eau Claire PD 0115009029,600,BLOCK RANDALL ST,Eau Claire Police,5,16,6,47,PM,18,44.814619,-91.513947,
THEFT,FROM AUTO CAR ENTRY,Eau Claire PD 0115009090,300,BLOCK CHIPPEWA ST,Eau Claire Police,5,16,5,30,PM,17,44.803128,-91.505678,near water
ORD COMPLAINT,LOUD PARTY,Eau Claire PD 0115009026,500,BLOCK CARSON PARK DR,Eau Claire Police,5,16,5,26,PM,17,44.807194,-91.521697,
BATTERY,NON-AGGRAVATED,Eau Claire PD 0115009024,400,BLOCK W GRAND AV,Eau Claire Police,5,16,5,1,PM,17,44.808237,-91.506302,
THEFT,FROM AUTO EXTERNAL PARTS,Eau Claire PD 0115009019,600,BLOCK MENOMONIE ST,Eau Claire Police,5,16,3,15,PM,15,44.801264,-91.511889,near water
DISTURBANCE,NEIGHBOR TROUBLE,Eau Claire PD 0115009016,1400,BLOCK NIXON AV,Eau Claire Police,5,16,2,38,PM,14,44.787219,-91.480796,
THEFT,RETAIL,Eau Claire PD 0115010745,1100,BLOCK W CLAIREMONT AV,Eau Claire Police,5,16,2,13,PM,14,44.792943,-91.514741,
ANIMAL,BARKING DOG,Eau Claire PD 0115009007,3100,BLOCK JUPITER AV,Eau Claire Police,5,16,1,49,PM,13,44.85246,-91.484549,
THEFT,OTHER MISDEMEANOR,Eau Claire PD 0115009040,2300,BLOCK CRAIG RD,Eau Claire Police,5,16,11,0,AM,11,44.794928,-91.519068,
DISTURBANCE,DISORDERLY CONDUCT,Eau Claire PD 0115008991,5600,BLOCK GABLES DR,Eau Claire Police,5,16,9,35,AM,9,44.776607,-91.423132,
DRUG,PRESCRIPTION FRAUD,Eau Claire PD 0115009127,900,BLOCK W CLAIREMONT AV,Eau Claire Police,5,16,9,32,AM,9,44.794576,-91.51104,marshfield clinic
CRIM DAMAGE,VEHICLE,Eau Claire PD 0115008967,2300,BLOCK CORONA AV,Eau Claire Police,5,16,9,0,AM,9,44.787432,-91.468285,
SEX OFFENSE,EXPOSURE,Eau Claire PD 0115008990,1200,BLOCK WHIPPLE ST,Eau Claire Police,5,16,8,0,AM,8,44.811454,-91.513433,
CRIM DAMAGE,OTHER PROPERTY,Eau Claire PD 0115008986,100,BLOCK 6TH AV,Eau Claire Police,5,16,3,5,AM,3,44.801274,-91.511879,near water
BATTERY,NON-AGGRAVATED,Eau Claire PD 0115008984,2000,BLOCK 3RD ST,Eau Claire Police,5,16,2,30,AM,2,44.81926,-91.513576,
CRIM DAMAGE,PRIVATE PROPERTY,Eau Claire PD 0115008981,1000,BLOCK IMPERIAL CIR,Eau Claire Police,5,16,2,3,AM,2,44.786568,-91.514574,
ORD COMPLAINT,OTHER NOISE,Eau Claire PD 0115008977,3400,BLOCK MCELROY ST,Eau Claire Police,5,16,1,2,AM,1,44.779929,-91.45845,
DISTURBANCE,DISORDERLY CONDUCT,Eau Claire PD 0115008975,1000,BLOCK OXFORD AV,Eau Claire Police,5,16,12,30,AM,0,44.810129,-91.506467,
ORD COMPLAINT,LOUD PARTY,Eau Claire PD 0115008972,500,BLOCK NIAGARA ST,Eau Claire Police,5,15,11,20,PM,23,44.804092,-91.509797,
ORD COMPLAINT,LOUD PARTY,Eau Claire PD 0115008969,1000,BLOCK OXFORD AV,Eau Claire Police,5,15,11,16,PM,23,44.810129,-91.506467,
DISTURBANCE,,Eau Claire PD 0115008966,2700,BLOCK SOUTH SLOPE TER,Eau Claire Police,5,15,9,15,PM,21,44.822722,-91.472234,
DISTURBANCE,NEIGHBOR TROUBLE,Eau Claire PD 0115008970,3300,BLOCK RUNWAY AV,Eau Claire Police,5,15,9,0,PM,21,44.871266,-91.461084,
CRIMINAL DAMAGE,,Eau Claire CSO 0215002933,700,BLOCK 2ND AV,Eau Claire County Sheriff,5,15,8,24,PM,20,44.802718,-91.503345,water
DRUG,MULTIPLE TYPES POSSESSION,Eau Claire PD 0115008959,2700,BLOCK THOMAS DR,Eau Claire Police,5,15,8,4,PM,20,44.791017,-91.506697,
THEFT,RETAIL,Eau Claire PD 0115009157,4700,BLOCK GOLF RD,Eau Claire Police,5,15,7,0,PM,19,44.771715,-91.445768,
OMVWI,,Eau Claire CSO 0215002929,E21700 ,BLOCK STONEY LONESOME RD,Eau Claire County Sheriff,5,15,6,21,PM,18,,,
ORD COMPLAINT,OPEN INTOX STREET,Eau Claire PD 0115008954,200,BLOCK GARFIELD AV,Eau Claire Police,5,15,6,13,PM,18,44.799118,-91.497133,
CRIM DAMAGE,VEHICLE,Eau Claire PD 0115008953,2300,BLOCK MELANIE LA,Eau Claire Police,5,15,5,15,PM,17,44.82191,-91.541047,
CRIMINAL DAMAGE,,Eau Claire CSO 0215002928,4900,BLOCK BURNELL DR,Eau Claire County Sheriff,5,15,5,15,PM,17,44.84344,-91.428565,
CRIM DAMAGE,COMMERCIAL PROPERTY,Eau Claire PD 0115009122,1500,BLOCK BALL ST,Eau Claire Police,5,15,5,0,PM,17,44.816089,-91.486969,
BATTERY,NON-AGGRAVATED,Eau Claire PD 0115008950,3600,BLOCK MAYWOOD DR,Eau Claire Police,5,15,3,31,PM,15,44.83506,-91.524592,
THEFT,RETAIL,Eau Claire PD 0115009160,3600,BLOCK S HASTINGS WAY,Eau Claire Police,5,15,3,21,PM,15,44.781342,-91.440967,
DISTURBANCE,,Eau Claire PD 0115008944,200,BLOCK W MADISON ST,Eau Claire Police,5,15,2,24,PM,14,44.815574,-91.510317,
SEX OFFENSE,EXPOSURE,Eau Claire PD 0115008930,1500,BLOCK E NORTH CROSSING,Eau Claire Police,5,15,11,10,AM,11,,,
THEFT,OTHER MISDEMEANOR,Eau Claire PD 0115008947,4400,BLOCK LASALLE ST,Eau Claire Police,5,15,10,0,AM,10,44.839498,-91.43945,villa diann mobile home village
THEFT,OTHER MISDEMEANOR,Eau Claire PD 0115008922,500,BLOCK DODGE ST,Eau Claire Police,5,15,9,37,AM,9,44.811376,-91.493814,
TRAFFIC,OMV WHILE INTOXICATED,Eau Claire PD 0115008899,200,BLOCK WASHINGTON ST,Eau Claire Police,5,15,1,9,AM,1,44.80374,-91.493818,
ORD COMPLAINT,OTHER NOISE,Eau Claire PD 0115008896,600,BLOCK BROADWAY ST,Eau Claire Police,5,15,12,21,AM,0,44.80508,-91.511889,
DISTURBANCE,DISORDERLY CONDUCT,Eau Claire PD 0115008891,1800,BLOCK SUMMIT ST,Eau Claire Police,5,14,8,44,PM,20,44.818746,-91.483807,
THEFT,OTHER MISDEMEANOR,Eau Claire PD 0115009152,800,BLOCK BARLAND ST,Eau Claire Police,5,14,7,0,PM,19,44.811566,-91.492634,
DISTURBANCE,DISORDERLY CONDUCT,Eau Claire PD 0115008886,900,BLOCK S HASTINGS WAY,Eau Claire Police,5,14,6,28,PM,18,44.808169,-91.471749,
SEX OFFENSE,EXPOSURE,Eau Claire PD 0115008884,100,BLOCK CARSON PARK DR,Eau Claire Police,5,14,6,2,PM,18,44.800337,-91.526344,
THEFT,RETAIL,Eau Claire PD 0115010944,3600,BLOCK S HASTINGS WAY,Eau Claire Police,5,14,5,50,PM,17,44.781327,-91.440967,
BATTERY,NON-AGGRAVATED,Eau Claire PD 0115008874,1700,BLOCK SHERWIN AV,Eau Claire Police,5,14,3,45,PM,15,44.808225,-91.477311,
DISTURBANCE,NEIGHBOR TROUBLE,Eau Claire PD 0115008866,2600,BLOCK SESSIONS CT,Eau Claire Police,5,14,2,8,PM,14,44.779779,-91.463601,
CRIMINAL DAMAGE,,Eau Claire CSO 0215002905,900,BLOCK RICHARD DR,Eau Claire County Sheriff,5,14,10,0,AM,10,44.79057,-91.508443,
ORD COMPLAINT,LOUD MUSIC,Eau Claire PD 0115008855,2100,BLOCK MITTELSTADT LA,Eau Claire Police,5,14,10,0,AM,10,44.821116,-91.541023,
DISTURBANCE,,Eau Claire PD 0115008844,2900,BLOCK SHADY GROVE RD,Eau Claire Police,5,14,2,0,AM,2,44.83435,-91.469924,
DISTURBANCE,,Eau Claire PD 0115008843,700,BLOCK 4TH AV,Eau Claire Police,5,14,1,0,AM,1,44.806993,-91.507207,
THEFT,BIKE,Eau Claire PD 0115009155,200,BLOCK RIVERFRONT TER,Eau Claire Police,5,13,11,0,PM,23,44.813417,-91.503137,royal credit union
DISTURBANCE,,Eau Claire PD 0115008927,1500,BLOCK S FARWELL ST,Eau Claire Police,5,13,10,45,PM,22,44.799954,-91.489042,
DISTURBANCE,DISORDERLY CONDUCT,Eau Claire PD 0115008833,2700,BLOCK 14TH ST,Eau Claire Police,5,13,9,0,PM,21,44.826912,-91.528534,
BATTERY,NON-AGGRAVATED,Eau Claire PD 0115008828,900,BLOCK BROADVIEW BLVD,Eau Claire Police,5,13,7,0,PM,19,44.788185,-91.543308,
ORD COMPLAINT,LOUD PARTY,Eau Claire PD 0115008827,2700,BLOCK 14TH ST,Eau Claire Police,5,13,6,49,PM,18,44.826912,-91.528534,
DISTURBANCE,,Eau Claire PD 0115008825,3200,BLOCK SEYMOUR RD,Eau Claire Police,5,13,6,39,PM,18,44.825542,-91.465346,
ANIMAL,BARKING DOG,Eau Claire PD 0115008822,3300,BLOCK HALSEY ST,Eau Claire Police,5,13,5,36,PM,17,44.785606,-91.490908,
CRIMINAL DAMAGE,,Eau Claire CSO 0215002883,700,BLOCK 2ND AV,Eau Claire County Sheriff,5,13,4,55,PM,16,44.806988,-91.503421,
DRUG INVESTIGATION/INFORMATION,,Eau Claire CSO 0215002884,800,BLOCK DORBE ST,Eau Claire County Sheriff,5,13,4,7,PM,16,44.779527,-91.508755,
THEFT,FROM AUTO CAR ENTRY,Eau Claire PD 0115008823,4800,BLOCK GOLF RD,Eau Claire Police,5,13,3,30,PM,15,44.774849,-91.441109,mall
THEFT,OTHER MISDEMEANOR,Eau Claire PD 0115009463,2500,BLOCK SUBURBAN ST,Eau Claire Police,5,13,3,19,PM,15,44.817373,-91.54455,
THEFT,RETAIL,Eau Claire PD 0115010943,3600,BLOCK S HASTINGS WAY,Eau Claire Police,5,13,3,15,PM,15,44.781327,-91.440967,
BATTERY,NON-AGGRAVATED,Eau Claire PD 0115008801,2300,BLOCK DEBLENE LA,Eau Claire Police,5,13,2,8,PM,14,44.816702,-91.550857,
THEFT,EMBEZZLEMENT,Eau Claire PD 0115008872,2100,BLOCK HIGHLAND AV,Eau Claire Police,5,13,11,26,AM,23,44.807336,-91.471285,
DISTURBANCE,,Eau Claire PD 0115008788,4400,BLOCK LASALLE ST,Eau Claire Police,5,13,10,55,AM,22,44.839498,-91.43945,villa diann mobile home village
,,Eau Claire CSO 0215002870,600,BLOCK CENTRE ST,Eau Claire County Sheriff,5,13,9,51,AM,21,44.818186,-91.513613,
CRIM DAMAGE,OTHER PROPERTY,Eau Claire PD 0115008775,300,BLOCK PLATT ST,Eau Claire Police,5,13,3,43,AM,15,44.82902,-91.427501,
DISTURBANCE,,Eau Claire CSO 0215002858,5000,BLOCK TOWER DR,Eau Claire County Sheriff,5,12,11,48,PM,23,44.828727,-91.420155,
DISTURBANCE,,Eau Claire PD 0115008768,1000,BLOCK 5TH AV,Eau Claire Police,5,12,11,47,PM,23,44.809746,-91.509858,
CRIM DAMAGE,OTHER PROPERTY,Eau Claire PD 0115008776,3000,BLOCK MARS AV,Eau Claire Police,5,12,11,20,PM,23,44.850675,-91.483279,
CRIM DAMAGE,PRIVATE PROPERTY,Eau Claire PD 0115008767,3000,BLOCK MARS AV,Eau Claire Police,5,12,11,20,PM,23,44.850675,-91.483279,
ORD COMPLAINT,LOUD MUSIC,Eau Claire PD 0115008766,3200,BLOCK ELDORADO BLVD,Eau Claire Police,5,12,10,31,PM,22,44.786555,-91.514583,
DRUG,MARIJUANA POSSESSION,Eau Claire CSO 0215002856,8900,BLOCK HWY 53 FRWY,Eau Claire County Sheriff,5,12,9,45,PM,21,,,
SEX OFFENSE,CAD COPYOVER RECODE,Eau Claire PD 0115008765,2000,BLOCK SCHULT ST,Eau Claire Police,5,12,9,22,PM,21,44.78784,-91.543281,
DRUG,METH POSSESSION,Eau Claire PD 0115008763,100,BLOCK W MADISON ST,Eau Claire Police,5,12,8,53,PM,20,44.815649,-91.509359,
THEFT,RETAIL,Eau Claire PD 0115008760,3700,BLOCK GATEWAY DR,Eau Claire Police,5,12,7,43,PM,19,44.778251,-91.4316,
TRAFFIC,OMV WHILE INTOXICATED,Eau Claire PD 0115008761,700,BLOCK 2ND AV,Eau Claire Police,5,12,7,36,PM,19,44.806996,-91.503432,
THEFT,FROM COIN OPERATED MACHINE,Eau Claire PD 0115008757,5100,BLOCK FAIRVIEW DR,Eau Claire Police,5,12,7,4,PM,19,44.764347,-91.463309,
TRAFFIC,OMV WHILE INTOXICATED,Eau Claire PD 0115008755,300,BLOCK N BARSTOW ST,Eau Claire Police,5,12,6,19,PM,18,44.815559,-91.501663,
BURGLARY,FORCED,Eau Claire CSO 0215002849,5100,BLOCK STAR RIDGE RD,Eau Claire County Sheriff,5,12,5,54,PM,17,44.811128,-91.577343,
DISTURBANCE,NEIGHBOR TROUBLE,Eau Claire PD 0115008747,2300,BLOCK SUNSET DR,Eau Claire Police,5,12,5,23,PM,17,44.812228,-91.540632,
ORD COMPLAINT,OTHER NOISE,Eau Claire PD 0115008748,3200,BLOCK SEYMOUR RD,Eau Claire Police,5,12,5,16,PM,17,44.825527,-91.465303,
THEFT,OTHER MISDEMEANOR,Eau Claire PD 0115008746,1000,BLOCK 5TH AV,Eau Claire Police,5,12,5,11,PM,17,44.809749,-91.509858,
CRIMINAL DAMAGE,,Eau Claire CSO 0215002847,700,BLOCK 2ND AV,Eau Claire County Sheriff,5,12,4,34,PM,16,44.806988,-91.5034,
DRUG,METH MANUFACTURING,Eau Claire CSO 0215002845,4900,BLOCK OLSON DR,Eau Claire County Sheriff,5,12,3,2,PM,15,44.838092,-91.428718,
BATTERY,NON-AGGRAVATED,Eau Claire PD 0115008733,900,BLOCK W CLAIREMONT AV,Eau Claire Police,5,12,2,22,PM,14,44.794576,-91.51104,marshfield clinic
DISTURBANCE,DISORDERLY CONDUCT,Eau Claire PD 0115008731,1200,BLOCK MCKINLEY RD,Eau Claire Police,5,12,12,0,PM,12,44.826322,-91.458203,
GRAFFITI,,Eau Claire CSO 0215002840,2300,BLOCK W VINE ST,Eau Claire County Sheriff,5,12,9,24,AM,9,44.817884,-91.555543,
FRAUD,ALL OTHER,Eau Claire PD 0115009288,3500,BLOCK GATEWAY DR,Eau Claire Police,5,12,7,0,AM,7,44.782207,-91.432152,
DRUG,MULTIPLE TYPES POSSESSION,Eau Claire PD 0115008703,2300,BLOCK CRAIG RD,Eau Claire Police,5,12,3,3,AM,3,44.79492,-91.519057,
CRIM DAMAGE,VEHICLE,Eau Claire PD 0115008802,1100,BLOCK 2ND AV,Eau Claire Police,5,12,12,1,AM,0,44.811752,-91.507145,
BATTERY,NON-AGGRAVATED,Eau Claire PD 0115008696,2800,BLOCK THOMAS DR,Eau Claire Police,5,11,10,32,PM,22,44.790074,-91.506253,
CRIM DAMAGE,VEHICLE,Eau Claire PD 0115008811,200,BLOCK BROADWAY ST,Eau Claire Police,5,11,10,0,PM,22,44.805034,-91.503427,
DISTURBANCE,,Eau Claire PD 0115008683,3600,BLOCK SEYMOUR RD,Eau Claire Police,5,11,7,45,PM,19,44.825439,-91.460234,
BURGLARY,UNLAWFUL ENTRY,Eau Claire CSO 0215002826,8900,BLOCK SCHUMACHER RD,Eau Claire County Sheriff,5,11,6,19,PM,18,,,
DISTURBANCE,DISORDERLY CONDUCT,Eau Claire PD 0115008693,700,BLOCK MCDONOUGH ST,Eau Claire Police,5,11,6,0,PM,18,44.821909,-91.489023,
THEFT,RETAIL,Eau Claire PD 0115009142,1700,BLOCK N CLAIREMONT AV,Eau Claire Police,5,11,5,50,PM,17,44.81616,-91.540982,
DISTURBANCE,NEIGHBOR TROUBLE,Eau Claire PD 0115008673,2300,BLOCK SUNSET DR,Eau Claire Police,5,11,4,35,PM,16,44.812228,-91.540643,
DISTURBANCE,ALL OTHER,Eau Claire PD 0115008671,400,BLOCK EAU CLAIRE ST,Eau Claire Police,5,11,4,25,PM,16,44.812755,-91.499309,library
DRUG INVESTIGATION/INFORMATION,,Eau Claire CSO 0215002815,4900,BLOCK OLSON DR,Eau Claire County Sheriff,5,11,3,18,PM,15,44.838092,-91.428756,
FRAUD,,Eau Claire CSO 0215002821,10000,BLOCK CURVUE RD,Eau Claire County Sheriff,5,11,3,3,PM,15,44.797501,-91.643089,
THEFT,OTHER MISDEMEANOR,Eau Claire PD 0115008815,3000,BLOCK MALL DR,Eau Claire Police,5,11,3,0,PM,15,44.789186,-91.461414,
FRAUD,IDENTITY THEFT,Eau Claire PD 0115008662,3000,BLOCK RUNWAY AV,Eau Claire Police,5,11,2,54,PM,14,44.871015,-91.468769,
FRAUD,ALL OTHER,Eau Claire PD 0115008661,800,BLOCK W CLAIREMONT AV,Eau Claire Police,5,11,2,17,PM,14,44.793013,-91.510411,
THEFT,OTHER MISDEMEANOR,Eau Claire PD 0115008813,2200,BLOCK HATCH ST,Eau Claire Police,5,11,11,59,AM,11,44.783475,-91.470581,
THEFT,FROM AUTO CAR ENTRY,Eau Claire PD 0115008711,2100,BLOCK CAMERON ST,Eau Claire Police,5,11,11,30,AM,11,44.814245,-91.537442,
THEFT,OTHER MISDEMEANOR,Eau Claire PD 0115008709,2200,BLOCK KEITH ST,Eau Claire Police,5,11,7,40,AM,7,44.796443,-91.473387,
HEFT,OTHER MISDEMEANOR,Eau Claire PD 0115008924,2000,BLOCK VINE ST,Eau Claire Police,5,11,7,30,AM,7,44.821478,-91.53517,delong middle school
CRIM DAMAGE,OTHER PROPERTY,Eau Claire PD 0115008619,1600,BLOCK WESTERN AV,Eau Claire Police,5,11,6,34,AM,6,44.8352,-91.477585,
ORD COMPLAINT,OTHER NOISE,Eau Claire PD 0115008618,1100,BLOCK W HAMILTON AV,Eau Claire Police,5,11,3,4,AM,3,44.785553,-91.516944,
ORD COMPLAINT,LOUD MUSIC,Eau Claire PD 0115008698,400,BLOCK N BARSTOW ST,Eau Claire Police,5,11,2,29,AM,2,44.816442,-91.501864,
DISTURBANCE,DISORDERLY CONDUCT,Eau Claire PD 0115008614,300,BLOCK WATER ST,Eau Claire Police,5,11,12,10,AM,0,44.80217,-91.505665,water
FORGED,CHECK,Eau Claire PD 0115008860,3400,BLOCK LOCUST LA,Eau Claire Police,5,11,12,1,AM,0,44.855666,-91.459852,
ORD COMPLAINT,OTHER NOISE,Eau Claire PD 0115008613,4700,BLOCK OAKWOOD HILLS PKWY,Eau Claire Police,5,10,11,21,PM,23,44.771817,-91.445387,
DISORDERLY CONDUCT,,Eau Claire CSO 0215002794,300,BLOCK S STATE ST,Eau Claire County Sheriff,5,10,8,0,PM,20,,,
DRUG,MARIJUANA POSSESSION,Eau Claire PD 0115008604,2100,BLOCK RUDOLPH RD,Eau Claire Police,5,10,7,30,PM,19,44.797338,-91.478469,
DISTURBANCE,NEIGHBOR TROUBLE,Eau Claire PD 0115008597,2100,BLOCK AGNES ST,Eau Claire Police,5,10,5,0,PM,17,44.797344,-91.475924,
THEFT,RETAIL,Eau Claire PD 0115008656,3600,BLOCK S HASTINGS WAY,Eau Claire Police,5,10,4,35,PM,16,44.781338,-91.440978,
BATTERY,NON-AGGRAVATED,Eau Claire PD 0115008599,2500,BLOCK LONDON RD,Eau Claire Police,5,10,4,33,PM,16,44.79273,-91.463258,
BATTERY,NON-AGGRAVATED,Eau Claire PD 0115008593,4100,BLOCK MARY PL,Eau Claire Police,5,10,4,24,PM,16,44.838716,-91.585304,
ORD COMPLAINT,DISORDERLY CONDUCT,Eau Claire CSO 0215002792,1800,BLOCK MCKINLEY RD,Eau Claire County Sheriff,5,10,4,23,PM,16,44.834038,-91.458026,
DRUG,MARIJUANA POSSESSION,Eau Claire PD 0115008591,900,BLOCK RICHARD DR,Eau Claire Police,5,10,3,47,PM,15,44.79057,-91.508443,
DISTURBANCE,,Eau Claire PD 0115008589,3000,BLOCK ARNSTAD PL,Eau Claire Police,5,10,3,18,PM,15,44.829592,-91.531071,
DISTURBANCE,,Eau Claire PD 0115008587,3400,BLOCK FERN CT,Eau Claire Police,5,10,3,3,PM,15,44.857467,-91.462611,
ORD COMPLAINT,LOUD MUSIC,Eau Claire PD 0115008583,600,BLOCK HOBART ST,Eau Claire Police,5,10,1,52,PM,13,44.81879,-91.503825,
ORD COMPLAINT,OTHER NOISE,Eau Claire PD 0115008574,1400,BLOCK MAIN ST,Eau Claire Police,5,10,4,43,AM,4,44.812474,-91.481244,
DISTURBANCE,,Eau Claire PD 0115008570,3000,BLOCK COLTMAN LA,Eau Claire Police,5,10,3,15,AM,3,44.788253,-91.469606,
DRUG,MARIJUANA POSSESSION,Eau Claire PD 0115008569,800,BLOCK W CLAIREMONT AV,Eau Claire Police,5,10,2,47,AM,2,44.793013,-91.5104,
DISTURBANCE,DISORDERLY CONDUCT,Eau Claire PD 0115008568,3000,BLOCK SATURN AV,Eau Claire Police,5,10,2,46,AM,2,44.850673,-91.485831,
ORD COMPLAINT,URINATE IN PUBLIC,Eau Claire PD 0115008567,300,BLOCK WATER ST,Eau Claire Police,5,10,2,40,AM,2,44.80217,-91.505665,water
ORD COMPLAINT,OTHER NOISE,Eau Claire PD 0115008572,1000,BLOCK IMPERIAL CIR,Eau Claire Police,5,10,2,21,AM,2,44.786538,-91.514585,
TRAFFIC,OMV WHILE INTOXICATED,Eau Claire PD 0115008564,1500,BLOCK S HASTINGS WAY,Eau Claire Police,5,10,2,6,AM,2,44.802698,-91.470507,
TRAFFIC,OMV WHILE INTOXICATED,Eau Claire PD 0115008563,0,BLOCK W MADISON ST,Eau Claire Police,5,10,1,32,AM,1,44.815751,-91.507598,
ORD COMPLAINT,URINATE IN PUBLIC,Eau Claire PD 0115008562,300,BLOCK WATER ST,Eau Claire Police,5,10,1,20,AM,1,44.80217,-91.505665,water
ORD COMPLAINT,UNDERAGE DRINKING,Eau Claire PD 0115008559,300,BLOCK WATER ST,Eau Claire Police,5,10,12,30,AM,0,44.80217,-91.505665,water
ORD COMPLAINT,UNDERAGE DRINKING,Eau Claire PD 0115008558,300,BLOCK WATER ST,Eau Claire Police,5,10,12,30,AM,0,44.80217,-91.505665,water
DISTURBANCE,NEIGHBOR TROUBLE,Eau Claire PD 0115008655,1800,BLOCK MCKINLEY RD,Eau Claire Police,5,10,12,1,AM,0,44.834022,-91.457994,
BATTERY,NON-AGGRAVATED,Eau Claire PD 0115018252,700,BLOCK NIAGARA ST,Eau Claire Police,9,5,11,28,PM,23,44.804131,-91.513879,
BURGLARY,FORCED RESIDENTIAL,Eau Claire PD 0115018285,900,BLOCK CAMERON TR,Eau Claire Police,9,5,11,0,PM,23,44.816291,-91.522004,
ORD COMPLAINT,LOUD PARTY,Eau Claire PD 0115018241,500,BLOCK LAKE ST,Eau Claire Police,9,5,10,27,PM,22,44.806998,-91.509777,
CRIM DAMAGE,VEHICLE,Eau Claire PD 0115018476,300,BLOCK S BARSTOW ST,Eau Claire Police,9,5,10,0,PM,22,44.810878,-91.499439,
DISTURBANCE,,Eau Claire PD 0115018240,4800,BLOCK SOUTHRIDGE CT,Eau Claire Police,9,5,9,58,PM,21,44.783807,-91.43488,
BURGLARY,UNLAWFUL RESIDENTIAL,Eau Claire PD 0115018290,3100,BLOCK ELDORADO BLVD,Eau Claire Police,9,5,8,19,PM,20,44.788039,-91.514911,
CRIM DAMAGE,PRIVATE PROPERTY,Eau Claire PD 0115018234,4300,BLOCK HERITAGE DR,Eau Claire Police,9,5,7,26,PM,19,44.844988,-91.445774,
DRUG,METH POSSESSION,Eau Claire PD 0115018224,2400,BLOCK E CLAIREMONT AV,Eau Claire Police,9,5,5,31,PM,17,44.794617,-91.467055,
THEFT,EMBEZZLEMENT,Eau Claire PD 0115018694,3900,BLOCK GATEWAY DR,Eau Claire Police,9,5,5,24,PM,17,44.776004,-91.431761,
DISTURBANCE,DISORDERLY CONDUCT,Eau Claire PD 0115018216,400,BLOCK EAU CLAIRE ST,Eau Claire Police,9,5,3,23,PM,15,44.812751,-91.499298,library
,,Eau Claire CSO 0215005829,6700,BLOCK NORTH SHORE DR,Eau Claire County Sheriff,9,5,12,35,PM,12,44.814974,-91.396299,
DISTURBANCE,,Eau Claire PD 0115018204,1500,BLOCK FREDERIC ST,Eau Claire Police,9,5,12,17,PM,12,44.799506,-91.486363,
CRIM DAMAGE,VEHICLE,Eau Claire PD 0115018954,3400,BLOCK CRAIG RD,Eau Claire Police,9,5,11,30,AM,11,44.783409,-91.519186,
DISTURBANCE,DISORDERLY CONDUCT,Eau Claire PD 0115018197,900,BLOCK W CLAIREMONT AV,Eau Claire Police,9,5,10,27,AM,10,44.794447,-91.510965,sacred heart hospital
THEFT,OTHER MISDEMEANOR,Eau Claire PD 0115018196,2400,BLOCK WALLER ST,Eau Claire Police,9,5,9,58,AM,9,44.847055,-91.477133,
THEFT,OTHER MISDEMEANOR,Eau Claire PD 0115018187,200,BLOCK BROADWAY ST,Eau Claire Police,9,5,4,0,AM,4,44.805049,-91.503395,
ORD COMPLAINT,UNDERAGE DRINKING,Eau Claire PD 0115018182,400,BLOCK WATER ST,Eau Claire Police,9,5,2,57,AM,2,44.802169,-91.507715,water street
BATTERY,SIMPLE HANDS/FIST/FEET,Eau Claire CSO 0215005820,3000,BLOCK LONDON RD,Eau Claire County Sheriff,9,5,2,13,AM,2,44.788021,-91.463217,
DISTURBANCE,FIGHTING,Eau Claire PD 0115018180,3000,BLOCK LONDON RD,Eau Claire Police,9,5,2,13,AM,2,44.788021,-91.463217,
DISTURBANCE,,Eau Claire PD 0115018181,3200,BLOCK MCELROY ST,Eau Claire Police,9,5,2,0,AM,2,44.779952,-91.459659,
DISTURBANCE,,Eau Claire PD 0115018174,900,BLOCK RICHARD DR,Eau Claire Police,9,5,1,20,AM,1,44.790589,-91.508421,
DISTURBANCE,DISORDERLY CONDUCT,Eau Claire PD 0115018172,1000,BLOCK IMPERIAL CIR,Eau Claire Police,9,5,1,15,AM,1,44.786553,-91.514574,
DISTURBANCE,DISORDERLY CONDUCT,Eau Claire PD 0115018171,900,BLOCK LAKESIDE AV,Eau Claire Police,9,5,1,0,AM,1,44.803477,-91.517946,
CRIM DAMAGE,PRIVATE PROPERTY,Eau Claire PD 0115018513,300,BLOCK CHIPPEWA ST,Eau Claire Police,9,5,12,1,AM,0,44.803136,-91.505646,near water street
DRUG,MARIJUANA POSSESSION,Eau Claire PD 0115018166,1100,BLOCK W NORTH CROSSING,Eau Claire Police,9,4,11,52,PM,23,,,
CRIM DAMAGE,VEHICLE,Eau Claire PD 0115018165,600,BLOCK RIPLEY AV,Eau Claire Police,9,4,7,30,PM,19,44.80216,-91.486307,
THEFT,FROM AUTO CAR ENTRY,Eau Claire PD 0115018146,200,BLOCK 10TH AV,Eau Claire Police,9,4,6,25,PM,18,44.802048,-91.519915,near water street
CRIM DAMAGE,VEHICLE,Eau Claire PD 0115018202,600,BLOCK RIPLEY AV,Eau Claire Police,9,4,6,0,PM,18,44.80216,-91.486307,
DRUG,METH POSSESSION,Eau Claire PD 0115018138,1200,BLOCK BELLEVUE AV,Eau Claire Police,9,4,5,26,PM,17,44.816949,-91.490355,
CRIM DAMAGE,OTHER PROPERTY,Eau Claire PD 0115018190,1100,BLOCK MENOMONIE ST,Eau Claire Police,9,4,5,0,PM,17,44.800751,-91.522789,
CRIM DAMAGE,VEHICLE,Eau Claire PD 0115018426,1400,BLOCK RUST ST,Eau Claire Police,9,4,5,0,PM,17,44.801042,-91.487363,
THEFT,SERVICES,Eau Claire PD 0115018425,500,BLOCK N CLAIREMONT AV,Eau Claire Police,9,4,5,0,PM,17,44.801678,-91.53221,
DISTURBANCE,DISORDERLY CONDUCT,Eau Claire PD 0115018131,300,BLOCK PUTNAM ST,Eau Claire Police,9,4,4,37,PM,16,44.815894,-91.49537,
DISTURBANCE,DISORDERLY CONDUCT,Eau Claire PD 0115018125,800,BLOCK W MACARTHUR AV,Eau Claire Police,9,4,2,47,PM,14,44.789301,-91.50883,
THEFT,OTHER MISDEMEANOR,Eau Claire PD 0115018127,1100,BLOCK W MACARTHUR AV,Eau Claire Police,9,4,2,0,PM,14,44.788217,-91.517803,
CRIM DAMAGE,OTHER PROPERTY,Eau Claire PD 0115018315,1100,BLOCK MAIN ST,Eau Claire Police,9,4,11,0,AM,11,44.812387,-91.486605,
GRAFFITI,PRIVATE PROPERTY,Eau Claire PD 0115018100,400,BLOCK GALLOWAY ST,Eau Claire Police,9,4,9,36,AM,9,44.814586,-91.50141,
DRUG,POSSESS DRUG PARAPHERNALIA,Eau Claire PD 0115018103,1800,BLOCK PIEDMONT RD,Eau Claire Police,9,4,7,0,AM,7,44.846679,-91.483722,
DISTURBANCE,,Eau Claire PD 0115018083,900,BLOCK MAIN ST,Eau Claire Police,9,4,1,39,AM,1,44.812453,-91.490826,
BATTERY,NON-AGGRAVATED,Eau Claire PD 0115018082,400,BLOCK HUDSON ST,Eau Claire Police,9,4,1,20,AM,1,44.806053,-91.507758,
DRUG,MULTIPLE TYPES POSSESSION,Eau Claire PD 0115018081,600,BLOCK N HASTINGS WAY,Eau Claire Police,9,4,12,52,AM,0,44.821347,-91.475493,
DISTURBANCE,ALL OTHER,Eau Claire PD 0115018080,1900,BLOCK 3RD ST,Eau Claire Police,9,4,12,45,AM,0,44.818379,-91.513427,
DISTURBANCE,NEIGHBOR TROUBLE,Eau Claire PD 0115018079,1800,BLOCK BABCOCK ST,Eau Claire Police,9,4,12,3,AM,0,44.817264,-91.512483,
BURGLARY,FORCED RESIDENTIAL,Eau Claire PD 0115018756,2500,BLOCK MAY ST,Eau Claire Police,9,4,12,1,AM,0,44.812512,-91.473004,
DRUG,POSSESS DRUG PARAPHERNALIA,Eau Claire CSO 0215005791,2600,BLOCK SKEELS AV,Eau Claire County Sheriff,9,3,9,39,PM,21,44.789223,-91.464524,
DISTURBANCE,,Eau Claire PD 0115018072,3200,BLOCK OAK KNOLL DR,Eau Claire Police,9,3,9,30,PM,21,44.767511,-91.456066,
DISTURBANCE,,Eau Claire CSO 0215005781,2000,BLOCK SILVER MINE DR,Eau Claire County Sheriff,9,3,5,55,PM,17,44.781861,-91.56825,
THEFT,FROM AUTO CAR ENTRY,Eau Claire PD 0115018097,500,BLOCK FERRY ST,Eau Claire Police,9,3,5,0,PM,17,44.794716,-91.537288,
DISTURBANCE,,Eau Claire PD 0115018046,2300,BLOCK 15TH ST,Eau Claire Police,9,3,4,17,PM,16,44.822457,-91.529918,
THEFT,OTHER MISDEMEANOR,Eau Claire PD 0115018034,900,BLOCK PAMELA PL,Eau Claire Police,9,3,2,34,PM,14,44.784705,-91.487124,
THEFT,FROM AUTO CAR ENTRY,Eau Claire PD 0115018042,3000,BLOCK E HAMILTON AV,Eau Claire Police,9,3,2,15,PM,14,44.78598,-91.459773,
FRAUD,ALL OTHER,Eau Claire PD 0115018116,3900,BLOCK GATEWAY DR,Eau Claire Police,9,3,1,32,PM,13,44.776035,-91.431782,
THEFT,OTHER MISDEMEANOR,Eau Claire PD 0115018054,1800,BLOCK OXFORD AV,Eau Claire Police,9,3,1,30,PM,13,44.815534,-91.509341,
DRUG,MARIJUANA POSSESSION,Eau Claire PD 0115018022,3200,BLOCK WELLINGTON DR-E,Eau Claire Police,9,3,12,52,PM,12,44.851969,-91.490885,
DISTURBANCE,,Eau Claire PD 0115018020,3700,BLOCK GATEWAY DR,Eau Claire Police,9,3,12,23,PM,12,44.778243,-91.431611,
BURGLARY,UNLAWFUL RESIDENTIAL,Eau Claire PD 0115018051,1800,BLOCK RIST AV,Eau Claire Police,9,3,12,0,PM,12,44.79733,-91.475921,
VEHICLE,STOLEN LOCALLY,Eau Claire PD 0115018075,200,BLOCK S BARSTOW ST,Eau Claire Police,9,3,10,0,AM,10,44.811564,-91.500083,
ANIMAL,BARKING DOG,Eau Claire PD 0115018007,1700,BLOCK OMAHA ST,Eau Claire Police,9,3,9,32,AM,9,44.821934,-91.485219,
DISTURBANCE,,Eau Claire PD 0115018696,2900,BLOCK MALL DR,Eau Claire Police,9,3,9,30,AM,9,44.79003,-91.461525,
ORD COMPLAINT,OTHER NOISE,Eau Claire PD 0115017993,600,BLOCK WISCONSIN ST,Eau Claire Police,9,2,10,30,PM,22,44.815869,-91.498433,
CRIM DAMAGE,VEHICLE,Eau Claire PD 0115018039,2000,BLOCK 3RD ST,Eau Claire Police,9,2,8,30,PM,20,44.819229,-91.513576,
THEFT,OTHER MISDEMEANOR,Eau Claire PD 0115017985,2200,BLOCK KEITH ST,Eau Claire Police,9,2,8,3,PM,20,44.796473,-91.473376,near memorial hs
DISTURBANCE,,Eau Claire CSO 0215005749,E4100 ,BLOCK WOODLAND DR,Eau Claire County Sheriff,9,2,6,53,PM,18,,,
DISTURBANCE,,Eau Claire PD 0115017964,2300,BLOCK SESSIONS ST,Eau Claire Police,9,2,3,37,PM,15,44.779272,-91.468208,
BURGLARY,UNLAWFUL RESIDENTIAL,Eau Claire PD 0115017978,2300,BLOCK 11TH ST,Eau Claire Police,9,2,3,30,PM,15,44.822089,-91.524508,
DISTURBANCE,,Eau Claire PD 0115017962,900,BLOCK W CLAIREMONT AV,Eau Claire Police,9,2,2,55,PM,14,44.794492,-91.510943,sacred heart hospital
DISTURBANCE,ALL OTHER,Eau Claire PD 0115017954,600,BLOCK NEWTON ST,Eau Claire Police,9,2,12,46,PM,12,44.807107,-91.491287,
DISTURBANCE,,Eau Claire PD 0115017946,3900,BLOCK FLYNN PL,Eau Claire Police,9,2,11,50,AM,11,44.837315,-91.584187,
COUNTERFEIT,CURRENCY,Eau Claire PD 0115017943,1500,BLOCK BELLINGER ST,Eau Claire Police,9,2,11,27,AM,11,44.814687,-91.511357,
THEFT,GAS SKIP,Eau Claire PD 0115017958,2800,BLOCK GOLF RD,Eau Claire Police,9,2,10,24,AM,10,44.771124,-91.4628,
THEFT,OTHER MISDEMEANOR,Eau Claire PD 0115017973,5100,BLOCK FAIRVIEW DR,Eau Claire Police,9,2,9,0,AM,9,44.764355,-91.463331,
DISTURBANCE,,Eau Claire PD 0115017931,600,BLOCK FRANKLIN ST,Eau Claire Police,9,2,7,9,AM,7,44.820464,-91.495499,
ANIMAL,BARKING DOG,Eau Claire PD 0115017935,3900,BLOCK STERLING DR,Eau Claire Police,9,2,7,0,AM,7,44.775796,-91.466946,
FRAUD,CREDIT CARD,Eau Claire PD 0115017941,3100,BLOCK LOCUST LA,Eau Claire Police,9,2,3,53,AM,3,44.851239,-91.46642,
THEFT,OTHER MISDEMEANOR,Eau Claire PD 0115018434,100,BLOCK GRAHAM AV,Eau Claire Police,9,2,2,12,AM,2,44.811846,-91.501438,
BATTERY,NON-AGGRAVATED,Eau Claire PD 0115017927,400,BLOCK WATER ST,Eau Claire Police,9,2,1,25,AM,1,44.802176,-91.507683,water street
DISTURBANCE,DISORDERLY CONDUCT,Eau Claire PD 0115017926,1500,BLOCK 11TH ST,Eau Claire Police,9,2,1,22,AM,1,44.814429,-91.524038,
DRUG,MULTIPLE TYPES POSSESSION,Eau Claire PD 0115017924,2300,BLOCK CRAIG RD,Eau Claire Police,9,2,12,44,AM,0,44.794943,-91.519057,
ORD COMPLAINT,OTHER NOISE,Eau Claire PD 0115017923,900,BLOCK S FARWELL ST,Eau Claire Police,9,1,11,57,PM,23,44.806852,-91.494118,
THEFT,EMBEZZLEMENT,Eau Claire PD 0115018459,0,BLOCK W MADISON ST,Eau Claire Police,9,1,9,19,PM,21,44.815766,-91.507566,
DISTURBANCE,DISORDERLY CONDUCT,Eau Claire PD 0115017914,500,BLOCK E FILLMORE AV,Eau Claire Police,9,1,9,7,PM,21,44.787114,-91.49105,
DISTURBANCE,DISORDERLY CONDUCT,Eau Claire PD 0115017918,1400,BLOCK MAPPA ST,Eau Claire Police,9,1,9,0,PM,21,44.81403,-91.510258,
CRIMINAL DAMAGE,,Eau Claire CSO 0215005725,3700,BLOCK TOWER DR,Eau Claire County Sheriff,9,1,7,59,PM,19,44.828849,-91.561399,
TRAFFIC,OMV WHILE INTOXICATED,Eau Claire PD 0115017908,2500,BLOCK W FOLSOM ST,Eau Claire Police,9,1,7,30,PM,19,44.828711,-91.544344,
DISTURBANCE,,Eau Claire PD 0115017905,1300,BLOCK HAWTHORNE ST,Eau Claire Police,9,1,7,13,PM,19,44.820091,-91.527157,
THEFT,RETAIL,Eau Claire PD 0115017886,3700,BLOCK GATEWAY DR,Eau Claire Police,9,1,3,0,PM,15,44.778251,-91.431611,
FRAUD,ALL OTHER,Eau Claire PD 0115017876,1100,BLOCK MERIDIAN HGHTS DR,Eau Claire Police,9,1,1,31,PM,13,44.810201,-91.538306,
DRUG,MARIJUANA MANUFACTURING,Eau Claire PD 0115017867,3900,BLOCK FLYNN PL,Eau Claire Police,9,1,12,13,PM,12,44.837315,-91.584134,
FORGED,OTHER DOCUMENT,Eau Claire PD 0115009267,600,BLOCK BROADWAY ST,Eau Claire Police,9,1,12,0,PM,12,44.805069,-91.511878,
VEHICLE,STOLEN LOCALLY,Eau Claire PD 0115017891,2100,BLOCK DEBLENE LA,Eau Claire Police,9,1,10,30,AM,10,44.81748,-91.551008,
FRAUD,,Eau Claire CSO 0215005711,S5000 ,BLOCK HWY 37,Eau Claire County Sheriff,9,1,9,24,AM,9,,,
DISTURBANCE,,Eau Claire PD 0115017844,600,BLOCK TALMADGE ST,Eau Claire Police,9,1,5,30,AM,5,44.811112,-91.491959,
DISTURBANCE,,Eau Claire PD 0115017840,2000,BLOCK 8TH ST,Eau Claire Police,9,1,3,20,AM,3,44.819017,-91.520929,
DRUG,METH POSSESSION,Eau Claire PD 0115017839,900,BLOCK CAMERON TR,Eau Claire Police,9,1,2,20,AM,2,44.816291,-91.522014,
ORD COMPLAINT,LOUD MUSIC,Eau Claire PD 0115017838,1100,BLOCK MERIDIAN HEIGHTS DR,Eau Claire Police,9,1,2,11,AM,2,44.810156,-91.538295,
ORD COMPLAINT,LOUD MUSIC,Eau Claire PD 0115017832,4500,BLOCK SPEROS LA,Eau Claire Police,8,31,11,33,PM,23,44.770115,-91.465572,
DISTURBANCE,,Eau Claire PD 0115017826,3200,BLOCK RUNWAY AV,Eau Claire Police,8,31,10,42,PM,22,44.871238,-91.463672,
THEFT,OTHER MISDEMEANOR,Eau Claire PD 0115017828,1700,BLOCK FAIRWAY ST,Eau Claire Police,8,31,7,56,PM,19,44.813585,-91.476964,
BATTERY,NON-AGGRAVATED,Eau Claire PD 0115017814,700,BLOCK DODGE ST,Eau Claire Police,8,31,7,6,PM,19,44.809883,-91.492322,
THEFT,OMVWOC,Eau Claire CSO 0215005691,4300,BLOCK TOWER DR,Eau Claire County Sheriff,8,31,6,20,PM,18,44.828921,-91.441917,
BATTERY,NON-AGGRAVATED,Eau Claire PD 0115017809,600,BLOCK E CLAIREMONT AV,Eau Claire Police,8,31,6,10,PM,18,44.793223,-91.490144,
ORD COMPLAINT,LOUD MUSIC,Eau Claire PD 0115017812,400,BLOCK MARSTON AV,Eau Claire Police,8,31,6,7,PM,18,44.805353,-91.492676,
DISTURBANCE,,Eau Claire PD 0115017804,3100,BLOCK BLAKELEY AV,Eau Claire Police,8,31,4,30,PM,16,44.787457,-91.465753,
THEFT,FROM AUTO EXTERNAL PARTS,Eau Claire PD 0115017796,100,BLOCK BROADWAY ST,Eau Claire Police,8,31,3,17,PM,15,44.805046,-91.501118,
FRAUD,CREDIT CARD,Eau Claire PD 0115017793,1600,BLOCK RAEDEL RD,Eau Claire Police,8,31,2,45,PM,14,44.815192,-91.531864,
DISTURBANCE,,Eau Claire PD 0115017782,1700,BLOCK BELLINGER ST,Eau Claire Police,8,31,12,48,PM,12,44.81643,-91.5114,
BATTERY,NON-AGGRAVATED,Eau Claire PD 0115017781,500,BLOCK MAPLE ST,Eau Claire Police,8,31,12,24,PM,12,44.820151,-91.516257,
BURGLARY,ATTEMPTED,Eau Claire CSO 0215005715,S5500 ,BLOCK WILLIAM DR,Eau Claire County Sheriff,8,31,12,0,PM,12,,,
FRAUD,COMPUTER CRIME,Eau Claire PD 0115018432,1100,BLOCK REGIS CT,Eau Claire Police,8,31,12,0,PM,12,44.806202,-91.472711,
THEFT,RETAIL,Eau Claire PD 0115017778,3900,BLOCK GATEWAY DR,Eau Claire Police,8,31,11,50,AM,11,44.776065,-91.431793,
THEFT,RETAIL,Eau Claire PD 0115017784,3900,BLOCK GATEWAY DR,Eau Claire Police,8,31,11,50,AM,11,44.776065,-91.431793,
FRAUD,,Eau Claire CSO 0215005675,S4700 ,BLOCK CTH B,Eau Claire County Sheriff,8,31,10,41,AM,10,,,
BURGLARY,UNLAWFUL ENTRY,Eau Claire CSO 0215005671,3100,BLOCK BLAKELEY AV,Eau Claire County Sheriff,8,31,9,47,AM,9,44.787449,-91.465753,
DISTURBANCE,ALL OTHER,Eau Claire PD 0115017759,2300,BLOCK CRAIG RD,Eau Claire Police,8,31,7,9,AM,7,44.79492,-91.519046,
DISTURBANCE,,Eau Claire PD 0115017755,4700,BLOCK KAPPUS DR,Eau Claire Police,8,31,2,8,AM,2,44.769114,-91.465027,
CRIMINAL DAMAGE,,Eau Claire CSO 0215005663,W2500 ,BLOCK JOPKE RD,Eau Claire County Sheriff,8,31,2,4,AM,2,,,
ORD COMPLAINT,UNDERAGE DRINKING,Eau Claire PD 0115017752,300,BLOCK 4TH AV,Eau Claire Police,8,31,1,58,AM,1,44.803129,-91.507723,near water street
ORD COMPLAINT,UNDERAGE DRINKING,Eau Claire PD 0115017750,400,BLOCK WATER ST,Eau Claire Police,8,31,1,1,AM,1,44.802161,-91.507715,water street
CRIM DAMAGE,RELIGIOUS PROPERTY,Eau Claire PD 0115017749,300,BLOCK LAKE ST,Eau Claire Police,8,31,12,13,AM,0,44.806981,-91.505644,
ORD COMPLAINT,LOUD PARTY,Eau Claire PD 0115017751,400,BLOCK BROADWAY ST,Eau Claire Police,8,31,12,1,AM,0,44.805089,-91.507753,
ORD COMPLAINT,LOUD PARTY,Eau Claire PD 0115017745,200,BLOCK HUDSON ST,Eau Claire Police,8,30,11,30,PM,23,44.806046,-91.503464,
THEFT,FROM AUTO CAR ENTRY,Eau Claire PD 0115017764,400,BLOCK ROOSEVELT AV,Eau Claire Police,8,30,10,30,PM,22,44.796639,-91.493251,
CRIM DAMAGE,PRIVATE PROPERTY,Eau Claire PD 0115017737,500,BLOCK N DEWEY ST,Eau Claire Police,8,30,9,17,PM,21,44.818231,-91.499275,
ORD COMPLAINT,LOUD PARTY,Eau Claire PD 0115017742,800,BLOCK NIAGARA ST,Eau Claire Police,8,30,9,0,PM,21,44.804108,-91.515951,
DISTURBANCE,,Eau Claire PD 0115017738,300,BLOCK WALNUT ST,Eau Claire Police,8,30,9,0,PM,21,44.821452,-91.513895,
OMVWI,,Eau Claire CSO 0215005658,9100,BLOCK HWY 53 FRWY,Eau Claire County Sheriff,8,30,8,7,PM,20,,,
SEX OFFENSE,EXPOSURE,Eau Claire PD 0115017729,300,BLOCK LAKE ST,Eau Claire Police,8,30,5,25,PM,17,44.806988,-91.505698,
DISTURBANCE,,Eau Claire PD 0115017710,1300,BLOCK WOODLAND AV,Eau Claire Police,8,30,4,28,PM,16,44.811727,-91.483593,
DISTURBANCE,,Eau Claire PD 0115017701,1700,BLOCK SHERWOOD BLVD,Eau Claire Police,8,30,2,59,PM,14,44.816763,-91.559946,
THEFT,EMBEZZLEMENT,Eau Claire PD 0115017691,600,BLOCK WISCONSIN ST,Eau Claire Police,8,30,1,20,PM,13,44.815876,-91.498454,
SEX OFFENSE,INCEST W/JUV,Eau Claire PD 0115017684,5600,BLOCK CHRISTOPHER DR,Eau Claire Police,8,30,10,36,AM,10,44.838601,-91.585718,
THEFT,OTHER MISDEMEANOR,Eau Claire PD 0115017815,200,BLOCK W MADISON ST,Eau Claire Police,8,30,10,0,AM,10,44.815605,-91.510306,
DISTURBANCE,,Eau Claire PD 0115017681,3300,BLOCK GERRARD AV,Eau Claire Police,8,30,9,46,AM,9,44.785629,-91.51003,
ANIMAL,BARKING DOG,Eau Claire PD 0115017675,800,BLOCK AGNES ST,Eau Claire Police,8,30,8,5,AM,8,44.809099,-91.476003,
ANIMAL,BARKING DOG,Eau Claire PD 0115017674,3200,BLOCK SOUTH POINTE CT,Eau Claire Police,8,30,6,50,AM,6,44.771386,-91.455696,
ORD COMPLAINT,LOUD PARTY,Eau Claire PD 0115017673,2900,BLOCK HEMLOCK LA,Eau Claire Police,8,30,4,24,AM,4,44.847204,-91.469229,
ORD COMPLAINT,LOUD PARTY,Eau Claire PD 0115017667,200,BLOCK 5TH AV,Eau Claire Police,8,30,2,55,AM,2,44.802195,-91.509771,water street
DISTURBANCE,FIGHTING,Eau Claire PD 0115017663,4300,BLOCK FAIRFAX PARK DR,Eau Claire Police,8,30,1,42,AM,1,44.773584,-91.471814,
THEFT,OTHER MISDEMEANOR,Eau Claire PD 0115017685,100,BLOCK W MADISON ST,Eau Claire Police,8,30,1,0,AM,1,44.815658,-91.509354,
ORD COMPLAINT,DISORDERLY CONDUCT,Eau Claire CSO 0215005647,3400,BLOCK W CAMERON ST,Eau Claire County Sheriff,8,30,12,59,AM,0,44.814287,-91.556407,
ORD COMPLAINT,LOUD PARTY,Eau Claire PD 0115017662,200,BLOCK WASHINGTON ST,Eau Claire Police,8,30,12,58,AM,0,44.803767,-91.493807,
DISTURBANCE,,Eau Claire PD 0115017661,1200,BLOCK 5TH AV,Eau Claire Police,8,30,12,36,AM,0,44.811519,-91.510118,near evengelical luthern church
ORD COMPLAINT,UNDERAGE DRINKING,Eau Claire PD 0115017660,300,BLOCK MARSTON CT,Eau Claire Police,8,30,12,34,AM,0,44.803588,-91.491773,
ORD COMPLAINT,UNDERAGE DRINKING,Eau Claire PD 0115018800,500,BLOCK S DEWEY ST,Eau Claire Police,9,12,11,52,PM,23,44.810388,-91.495864,
DISTURBANCE,,Eau Claire PD 0115018799,2400,BLOCK 4TH ST,Eau Claire Police,9,12,11,0,PM,23,44.823549,-91.515526,
DISTURBANCE,DISORDERLY CONDUCT,Eau Claire PD 0115018797,300,BLOCK 6TH AV,Eau Claire Police,9,12,10,50,PM,22,44.803142,-91.511806,near water street
THEFT,OTHER,Eau Claire CSO 0215006059,4900,BLOCK OLSON DR,Eau Claire County Sheriff,9,12,8,0,PM,20,44.83813,-91.428862,
DISTURBANCE,,Eau Claire CSO 0215006045,2500,BLOCK BLAKELEY AV,Eau Claire County Sheriff,9,12,6,59,PM,18,44.793304,-91.465744,
THEFT,OTHER MISDEMEANOR,Eau Claire PD 0115018787,1100,BLOCK BARRON ST,Eau Claire Police,9,12,6,1,PM,18,44.8277,-91.506105,
THEFT,RETAIL,Eau Claire PD 0115018770,3900,BLOCK GATEWAY DR,Eau Claire Police,9,12,3,58,PM,15,44.776027,-91.431761,
ORD COMPLAINT,LOUD MUSIC,Eau Claire PD 0115018774,3000,BLOCK RUNWAY AV,Eau Claire Police,9,12,3,0,PM,15,44.870992,-91.468737,
FRAUD,ALL OTHER,Eau Claire PD 0115018768,2700,BLOCK 5TH ST,Eau Claire Police,9,12,2,48,PM,14,44.825774,-91.517372,
THEFT,RETAIL,Eau Claire PD 0115018754,4800,BLOCK GOLF RD,Eau Claire Police,9,12,12,4,PM,12,44.775081,-91.441228,mall
ORD COMPLAINT,OTHER NOISE,Eau Claire PD 0115018746,500,BLOCK FULTON ST,Eau Claire Police,9,12,10,1,AM,10,44.810633,-91.509873,
DISTURBANCE,NEIGHBOR TROUBLE,Eau Claire PD 0115018729,1100,BLOCK W HAMILTON AV,Eau Claire Police,9,12,2,12,AM,2,44.785546,-91.516773,
DISTURBANCE,FIGHTING,Eau Claire PD 0115018723,400,BLOCK 6TH AV,Eau Claire Police,9,12,12,34,AM,0,44.804131,-91.511859,
ORD COMPLAINT,LOUD PARTY,Eau Claire PD 0115018724,700,BLOCK WATER ST,Eau Claire Police,9,12,12,28,AM,0,44.802173,-91.513845,water street
ORD COMPLAINT,LOUD PARTY,Eau Claire PD 0115018722,800,BLOCK NIAGARA ST,Eau Claire Police,9,12,12,21,AM,0,44.8041,-91.515962,
ORD COMPLAINT,UNDERAGE DRINKING,Eau Claire PD 0115018720,200,BLOCK WASHINGTON ST,Eau Claire Police,9,11,11,48,PM,23,44.803759,-91.493785,
ORD COMPLAINT,LOUD PARTY,Eau Claire PD 0115018721,1600,BLOCK 11TH ST,Eau Claire Police,9,11,11,34,PM,23,44.815704,-91.524105,near cameron park playground
VEHICLE,STOLEN LOCALLY,Eau Claire PD 0115018795,300,BLOCK WATER ST,Eau Claire Police,9,11,11,30,PM,23,44.802158,-91.505687,water street
ORD COMPLAINT,LOUD PARTY,Eau Claire PD 0115018718,400,BLOCK WASHINGTON ST,Eau Claire Police,9,11,10,13,PM,22,44.804664,-91.491953,
DISTURBANCE,FIGHTING,Eau Claire PD 0115018714,200,BLOCK W MADISON ST,Eau Claire Police,9,11,10,10,PM,22,44.815605,-91.510295,
THEFT,OTHER MISDEMEANOR,Eau Claire PD 0115018716,2000,BLOCK 3RD ST,Eau Claire Police,9,11,8,31,PM,20,44.819267,-91.513576,
BATTERY,NON-AGGRAVATED,Eau Claire PD 0115018707,3100,BLOCK ELDORADO BLVD,Eau Claire Police,9,11,8,17,PM,20,44.788061,-91.514953,
ANIMAL,BARKING DOG,Eau Claire PD 0115018703,3300,BLOCK 33RD ST,Eau Claire Police,9,11,7,21,PM,19,44.831582,-91.55458,
DISTURBANCE,NEIGHBOR TROUBLE,Eau Claire PD 0115018697,600,BLOCK BROADWAY ST,Eau Claire Police,9,11,6,34,PM,18,44.805069,-91.511856,
CRIMINAL DAMAGE,,Eau Claire CSO 0215006018,8700,BLOCK NINE MILE CREEK RD,Eau Claire County Sheriff,9,11,6,7,PM,18,44.801138,-91.360165,
CRIM DAMAGE,OTHER PROPERTY,Eau Claire PD 0115018980,4800,BLOCK GOLF RD,Eau Claire Police,9,11,5,30,PM,17,44.775097,-91.441238,mall
SEX OFFENSE,OTHER FELONY ASSAULT,Eau Claire PD 0115018755,700,BLOCK CARSON PARK DR,Eau Claire Police,9,11,3,0,PM,15,44.808041,-91.520413,carson park
THEFT,IDENTITY,Eau Claire CSO 0215006012,2500,BLOCK E HAMILTON AV,Eau Claire County Sheriff,9,11,2,11,PM,14,44.785597,-91.465656,
THEFT,RETAIL,Eau Claire CSO 0215006010,S5300 ,BLOCK HWY 27,Eau Claire County Sheriff,9,11,1,49,PM,13,,,
BATTERY,NON-AGGRAVATED,Eau Claire PD 0115018680,1400,BLOCK STATE ST,Eau Claire Police,9,11,1,41,PM,13,44.800907,-91.494821,
DISTURBANCE,DISORDERLY CONDUCT,Eau Claire PD 0115018368,800,BLOCK ZEPHYR HILL AV,Eau Claire Police,9,11,1,36,PM,13,44.823668,-91.473611,
FRAUD,CREDIT CARD,Eau Claire PD 0115018677,1200,BLOCK BARRON ST,Eau Claire Police,9,11,12,26,PM,12,44.829123,-91.505848,
DISTURBANCE,,Eau Claire PD 0115018675,3000,BLOCK RUNWAY AV,Eau Claire Police,9,11,12,14,PM,12,44.871015,-91.468737,
THEFT,OTHER MISDEMEANOR,Eau Claire PD 0115018935,3700,BLOCK GATEWAY DR,Eau Claire Police,9,11,12,0,PM,12,44.778243,-91.431611,
DISTURBANCE,DISORDERLY CONDUCT,Eau Claire PD 0115018668,900,BLOCK W CLAIREMONT AV,Eau Claire Police,9,11,11,3,AM,11,44.794492,-91.5109,sacred heart hospital
ORD COMPLAINT,OTHER NOISE,Eau Claire PD 0115018671,900,BLOCK RICHARD DR,Eau Claire Police,9,11,9,30,AM,9,44.790581,-91.508432,
DISTURBANCE,DISORDERLY CONDUCT,Eau Claire PD 0115018657,700,BLOCK LAKE ST,Eau Claire Police,9,11,9,22,AM,9,44.806978,-91.512762,
VEHICLE,STOLEN LOCALLY,Eau Claire PD 0115018833,3100,BLOCK BLAKELEY AV,Eau Claire Police,9,11,9,0,AM,9,44.787426,-91.465743,
ORD COMPLAINT,OTHER NOISE,Eau Claire PD 0115018642,2200,BLOCK HEIGHTS DR,Eau Claire Police,9,11,2,41,AM,2,44.795685,-91.515617,near clairemont nursing and rehab
DISTURBANCE,FIGHTING,Eau Claire PD 0115018641,1500,BLOCK EMERY ST,Eau Claire Police,9,11,2,15,AM,2,44.810902,-91.480348,
DISTURBANCE,NEIGHBOR TROUBLE,Eau Claire PD 0115018638,3700,BLOCK RUDOLPH RD,Eau Claire Police,9,11,1,52,AM,1,44.779968,-91.47828,
THEFT,OTHER MISDEMEANOR,Eau Claire PD 0115018708,100,BLOCK MARSTON AV,Eau Claire Police,9,11,1,30,AM,1,44.802876,-91.497036,
DISTURBANCE,,Eau Claire PD 0115018632,400,BLOCK VINE ST,Eau Claire Police,9,10,11,8,PM,23,44.819105,-91.514841,
VEHICLE,STOLEN LOCALLY,Eau Claire PD 0115018672,2400,BLOCK GOLF RD,Eau Claire Police,9,10,11,0,PM,23,44.771149,-91.465457,
THEFT,OTHER MISDEMEANOR,Eau Claire PD 0115018628,2000,BLOCK 3RD ST,Eau Claire Police,9,10,9,21,PM,21,44.819267,-91.513576,
ANIMAL,BARKING DOG,Eau Claire PD 0115018627,4500,BLOCK KAPPUS DR,Eau Claire Police,9,10,8,59,PM,20,44.771131,-91.46546,
SEX OFFENSE,LEWD & LASCIVIOUS,Eau Claire PD 0115018684,2900,BLOCK WINSOR DR,Eau Claire Police,9,10,5,0,PM,17,44.836309,-91.469603,
THEFT,OTHER,Eau Claire CSO 0215005981,S7600 ,BLOCK BALSAM RD,Eau Claire County Sheriff,9,10,4,30,PM,16,44.719785,-91.489297,
DISTURBANCE,,Eau Claire PD 0115018584,2500,BLOCK PAUL ST,Eau Claire Police,9,10,12,28,PM,12,44.773853,-91.463571,
THEFT,OTHER MISDEMEANOR,Eau Claire PD 0115018829,2800,BLOCK THOMAS DR,Eau Claire Police,9,10,10,53,AM,10,44.790097,-91.506264,
GRAFFITI,SCHOOL PROPERTY,Eau Claire PD 0115018597,2200,BLOCK KEITH ST,Eau Claire Police,9,10,8,0,AM,8,44.796473,-91.473376,near memorial hs
DISTURBANCE,,Eau Claire PD 0115018576,400,BLOCK HOBART ST,Eau Claire Police,9,10,7,13,AM,7,44.816265,-91.503149,
DISTURBANCE,,Eau Claire PD 0115018571,200,BLOCK PLATT ST,Eau Claire Police,9,10,2,30,AM,2,44.818282,-91.512204,
,,Eau Claire CSO 0215005964,3300,BLOCK LONDON RD,Eau Claire County Sheriff,9,10,1,13,AM,1,44.785112,-91.463791,
THEFT,OTHER,Eau Claire CSO 0215005963,2900,BLOCK BLAKELEY AV,Eau Claire County Sheriff,9,9,11,55,PM,23,44.789209,-91.465746,
BATTERY,NON-AGGRAVATED,Eau Claire PD 0115018563,800,BLOCK W CLAIREMONT AV,Eau Claire Police,9,9,11,40,PM,23,44.793005,-91.510336,
DRUG,MARIJUANA POSSESSION,Eau Claire PD 0115018562,4800,BLOCK SOUTHRIDGE CT,Eau Claire Police,9,9,11,1,PM,23,44.783814,-91.434848,
DISTURBANCE,,Eau Claire CSO 0215005956,8600,BLOCK BURNELL DR,Eau Claire County Sheriff,9,9,8,0,PM,20,44.844693,-91.355595,
DISTURBANCE,,Eau Claire PD 0115018545,3100,BLOCK HIDDEN PL,Eau Claire Police,9,9,5,35,PM,17,44.786851,-91.521434,
DISTURBANCE,,Eau Claire PD 0115018564,1600,BLOCK WESTERN AV,Eau Claire Police,9,9,5,0,PM,17,44.835208,-91.477606,
FRAUD,,Eau Claire CSO 0215005950,4800,BLOCK OLSON DR,Eau Claire County Sheriff,9,9,4,22,PM,16,44.836194,-91.430479,
THEFT,RETAIL,Eau Claire PD 0115018530,3600,BLOCK S HASTINGS WAY,Eau Claire Police,9,9,3,29,PM,15,44.781346,-91.440988,
DISTURBANCE,DISORDERLY CONDUCT,Eau Claire PD 0115018521,900,BLOCK RICHARD DR,Eau Claire Police,9,9,1,36,PM,13,44.790574,-91.508421,
THEFT,IDENTITY,Eau Claire CSO 0215005942,7700,BLOCK ELAYNE DR,Eau Claire County Sheriff,9,9,9,32,AM,9,44.807856,-91.383122,
DISTURBANCE,,Eau Claire PD 0115018500,1800,BLOCK ARLENE PL,Eau Claire Police,9,9,7,27,AM,7,44.818185,-91.533659,
COUNTERFEIT,CURRENCY,Eau Claire PD 0115018497,2200,BLOCK BIRCH ST,Eau Claire Police,9,9,5,30,AM,5,44.820522,-91.478619,
ANIMAL,BARKING DOG,Eau Claire PD 0115018494,400,BLOCK DODGE ST,Eau Claire Police,9,9,12,9,AM,0,44.812124,-91.494459,
BATTERY,NON-AGGRAVATED,Eau Claire PD 0115018492,2600,BLOCK SEYMOUR RD,Eau Claire Police,9,8,8,30,PM,20,44.826472,-91.473505,
DRUG INVESTIGATION /INFORMATION,,Eau Claire CSO 0215005928,4800,BLOCK TOWER DR,Eau Claire County Sheriff,9,8,8,8,PM,20,44.828988,-91.431251,
BATTERY,NON-AGGRAVATED,Eau Claire PD 0115018484,2500,BLOCK FROSTWOODS ST,Eau Claire Police,9,8,7,31,PM,19,44.843309,-91.470568,
DISTURBANCE,ALL OTHER,Eau Claire PD 0115018480,1000,BLOCK STATE ST,Eau Claire Police,9,8,7,7,PM,19,44.805496,-91.494414,
DISTURBANCE,,Eau Claire CSO 0215005926,1800,BLOCK MOURNING DOVE CT,Eau Claire County Sheriff,9,8,6,47,PM,18,44.765583,-91.522076,
CRIM DAMAGE,VEHICLE,Eau Claire PD 0115018456,1000,BLOCK EMERY ST,Eau Claire Police,9,8,5,0,PM,17,44.810522,-91.488527,
DISTURBANCE,DISORDERLY CONDUCT,Eau Claire PD 0115018469,300,BLOCK WILLIAM ST,Eau Claire Police,9,8,4,27,PM,16,44.817516,-91.503459,
DRUG,MULTIPLE TYPES POSSESSION,Eau Claire PD 0115018461,100,BLOCK GIBSON ST,Eau Claire Police,9,8,4,2,PM,16,44.811002,-91.501663,
FRAUD,,Eau Claire CSO 0215005917,2800,BLOCK LONDON RD,Eau Claire County Sheriff,9,8,3,1,PM,15,44.789688,-91.46386,
CRIM DAMAGE,OTHER PROPERTY,Eau Claire PD 0115018605,4400,BLOCK LASALLE ST,Eau Claire Police,9,8,3,0,PM,15,44.839509,-91.439536,mobile home village
THEFT,OTHER MISDEMEANOR,Eau Claire PD 0115018445,2300,BLOCK 4TH ST,Eau Claire Police,9,8,1,51,PM,13,44.822464,-91.51532,
SEXUAL ASSAULTS,,Eau Claire CSO 0215005913,700,BLOCK OXFORD AV,Eau Claire County Sheriff,9,8,1,28,PM,13,44.807018,-91.504378,near county human services
THEFT,RETAIL,Eau Claire PD 0115018442,4000,BLOCK COMMONWEALTH AV,Eau Claire Police,9,8,12,30,PM,12,44.774655,-91.437352,near mall
TRAFFIC,OMV WHILE INTOXICATED,Eau Claire PD 0115018362,600,BLOCK CARSON PARK DR,Eau Claire Police,9,8,12,17,PM,12,44.808528,-91.520103,carson park
SEX OFFENDER,SORP REGISTRATION,Eau Claire PD 0115018423,600,BLOCK N BARSTOW ST,Eau Claire Police,9,8,9,48,AM,9,44.81895,-91.502514,near barstow school
THEFT,FROM AUTO CAR ENTRY,Eau Claire PD 0115018421,200,BLOCK BROADWAY ST,Eau Claire Police,9,8,9,38,AM,9,44.805087,-91.503438,
DISTURBANCE,,Eau Claire PD 0115018416,1500,BLOCK CAMERON ST,Eau Claire Police,9,8,7,48,AM,7,44.814258,-91.530492,gospel center
BURGLARY,UNLAWFUL ENTRY,Eau Claire CSO 0215005900,2800,BLOCK BLAKELEY AV,Eau Claire County Sheriff,9,8,5,25,AM,5,44.789903,-91.465721,
DISTURBANCE,,Eau Claire PD 0115018412,800,BLOCK W CLAIREMONT AV,Eau Claire Police,9,8,3,44,AM,3,44.793028,-91.51039,
DRUG,MULTIPLE TYPES POSSESSION,Eau Claire PD 0115018410,400,BLOCK GERMANIA ST,Eau Claire Police,9,8,12,31,AM,0,44.817982,-91.496805,
DISTURBANCE,,Eau Claire PD 0115018409,600,BLOCK CAMERON ST,Eau Claire Police,9,8,12,19,AM,0,44.816236,-91.518198,
DISTURBANCE,,Eau Claire PD 0115018408,800,BLOCK W CLAIREMONT AV,Eau Claire Police,9,8,12,5,AM,0,44.793028,-91.51039,
CRIM DAMAGE,VEHICLE,Eau Claire PD 0115018512,100,BLOCK MARSTON AV,Eau Claire Police,9,8,12,1,AM,0,44.802884,-91.497068,
DISTURBANCE,,Eau Claire PD 0115018401,500,BLOCK FRANKLIN ST,Eau Claire Police,9,7,10,6,PM,22,44.818607,-91.495463,
DISTURBANCE,,Eau Claire PD 0115018406,5700,BLOCK CHRISTOPHER DR,Eau Claire Police,9,7,10,0,PM,22,44.83824,-91.586416,
DISTURBANCE,,Eau Claire CSO 0215005893,W1100 ,BLOCK MAPLE RD,Eau Claire County Sheriff,9,7,8,56,PM,20,,,
DISTURBANCE,,Eau Claire PD 0115018398,4700,BLOCK KAPPUS DR,Eau Claire Police,9,7,8,48,PM,20,44.769129,-91.465059,
DISTURBANCE,,Eau Claire PD 0115018395,900,BLOCK RICHARD DR,Eau Claire Police,9,7,7,56,PM,19,44.790581,-91.5084,
ORD COMPLAINT,UNDERAGE DRINKING,Eau Claire PD 0115018394,400,BLOCK W GRAND AV,Eau Claire Police,9,7,7,43,PM,19,44.80826,-91.506281,
THEFT,FROM AUTO EXTERNAL PARTS,Eau Claire PD 0115018554,300,BLOCK GIBSON ST,Eau Claire Police,9,7,12,0,PM,12,44.811615,-91.500128,
THEFT,RETAIL,Eau Claire PD 0115018342,3700,BLOCK GATEWAY DR,Eau Claire Police,9,7,2,53,AM,2,44.778243,-91.43159,
CRIM DAMAGE,VEHICLE,Eau Claire PD 0115018363,1800,BLOCK OMAHA ST,Eau Claire Police,9,7,2,0,AM,2,44.821931,-91.483882,
DRUG,METH POSSESSION,Eau Claire PD 0115018340,2600,BLOCK BIRCH ST,Eau Claire Police,9,7,1,6,AM,1,44.820943,-91.473639,
DISTURBANCE,FIGHTING,Eau Claire PD 0115018336,400,BLOCK GALLOWAY ST,Eau Claire Police,9,7,12,41,AM,0,44.814586,-91.501389,
DISTURBANCE,,Eau Claire PD 0115018337,400,BLOCK HUDSON ST,Eau Claire Police,9,7,12,40,AM,0,44.806053,-91.507747,near methodist church
DRUG,MARIJUANA POSSESSION,Eau Claire PD 0115018335,3200,BLOCK BLAKELEY AV,Eau Claire Police,9,7,12,30,AM,0,44.786366,-91.465726,
ORD COMPLAINT,LOUD PARTY,Eau Claire PD 0115018338,2600,BLOCK SEYMOUR RD,Eau Claire Police,9,7,12,24,AM,0,44.826464,-91.473537,
DISTURBANCE,DISORDERLY CONDUCT,Eau Claire PD 0115018333,2800,BLOCK TERRY LA,Eau Claire Police,9,7,12,23,AM,0,44.84917,-91.470665,
ORD COMPLAINT,LOUD PARTY,Eau Claire PD 0115018334,600,BLOCK WATER ST,Eau Claire Police,9,7,12,20,AM,0,44.802161,-91.512035,water street
DISTURBANCE,,Eau Claire PD 0115018330,500,BLOCK UNION ST,Eau Claire Police,9,7,12,14,AM,0,44.808816,-91.509818,
ORD COMPLAINT,LOUD PARTY,Eau Claire PD 0115018332,1200,BLOCK GRAHAM AV,Eau Claire Police,9,7,12,9,AM,0,44.803722,-91.493765,
ORD COMPLAINT,LOUD PARTY,Eau Claire PD 0115018329,600,BLOCK RIPLEY AV,Eau Claire Police,9,7,12,1,AM,0,44.802168,-91.486318,
ORD COMPLAINT,LOUD PARTY,Eau Claire PD 0115018255,200,BLOCK HUDSON ST,Eau Claire Police,9,6,11,19,PM,23,44.806023,-91.503464,
ORD COMPLAINT,LOUD PARTY,Eau Claire PD 0115018328,900,BLOCK S BARSTOW ST,Eau Claire Police,9,6,11,14,PM,23,44.806249,-91.49511,
ORD COMPLAINT,LOUD MUSIC,Eau Claire PD 0115018326,3800,BLOCK ROBIN RD,Eau Claire Police,9,6,10,21,PM,22,44.862958,-91.460609,
DRUG,METH POSSESSION,Eau Claire PD 0115018322,800,BLOCK E PRAIRIE LA,Eau Claire Police,9,6,9,13,PM,21,,,
BATTERY,HANDS FIST FEET AGGRAV,Eau Claire PD 0115018324,900,BLOCK RICHARD DR,Eau Claire Police,9,6,8,44,PM,20,44.790574,-91.508432,
DISTURBANCE,,Eau Claire CSO 0215005855,2500,BLOCK BLAKELEY AV,Eau Claire County Sheriff,9,6,7,4,PM,19,44.793304,-91.465766,
DISTURBANCE,DISORDERLY CONDUCT,Eau Claire PD 0115018309,1000,BLOCK KEITH ST,Eau Claire Police,9,6,6,31,PM,18,44.807322,-91.473458,
DISTURBANCE,,Eau Claire PD 0115018308,1300,BLOCK FAIRWAY ST,Eau Claire Police,9,6,6,4,PM,18,44.81311,-91.483643,near our saviors luthran church
DISTURBANCE,,Eau Claire PD 0115018307,1800,BLOCK SUMMIT ST,Eau Claire Police,9,6,5,57,PM,17,44.81875,-91.483796,near mt tom park
DISTURBANCE,,Eau Claire PD 0115018306,400,BLOCK HOBART ST,Eau Claire Police,9,6,5,27,PM,17,44.816257,-91.503159,
ROBBERY,FIREARM,Eau Claire PD 0115018303,200,BLOCK W NORTH CROSSING,Eau Claire Police,9,6,5,4,PM,17,,,
DISTURBANCE,,Eau Claire PD 0115018313,3200,BLOCK LOCUST LA,Eau Claire Police,9,6,5,0,PM,17,44.852442,-91.464407,near locust lane elementary school
FRAUD,CREDIT CARD,Eau Claire PD 0115018381,1300,BLOCK OXFORD AV,Eau Claire Police,9,6,4,8,PM,16,44.812559,-91.509295,near evangelical lutheran church
DISTURBANCE,,Eau Claire PD 0115018297,800,BLOCK N HASTINGS WAY,Eau Claire Police,9,6,3,4,PM,15,44.823284,-91.475936,
CRIM DAMAGE,VEHICLE,Eau Claire PD 0115018483,1000,BLOCK PORTER AV,Eau Claire Police,9,6,12,0,PM,12,44.804906,-91.495955,
DISTURBANCE,,Eau Claire CSO 0215005847,2400,BLOCK CORONA AV,Eau Claire County Sheriff,9,6,9,10,AM,9,44.797458,-91.466944,
DISTURBANCE,,Eau Claire PD 0115018283,2100,BLOCK 8TH ST,Eau Claire Police,9,6,7,45,AM,7,44.819928,-91.520903,
DRUG,MARIJUANA POSSESSION,Eau Claire PD 0115018279,1800,BLOCK GOFF AV,Eau Claire Police,9,6,5,59,AM,5,44.799145,-91.47595,proximity of 2 churches
DISTURBANCE,,Eau Claire PD 0115018276,1800,BLOCK BELLINGER ST,Eau Claire Police,9,6,4,48,AM,4,44.817209,-91.511393,hmong alliance church
ORD COMPLAINT,LOUD MUSIC,Eau Claire PD 0115018274,400,BLOCK SUMMIT AV,Eau Claire Police,9,6,3,8,AM,3,44.800461,-91.492208,
ORD COMPLAINT,UNDERAGE DRINKING,Eau Claire PD 0115018272,700,BLOCK 1ST AV,Eau Claire Police,9,6,2,52,AM,2,44.807085,-91.501075,
TRAFFIC,OMV WHILE INTOXICATED,Eau Claire PD 0115018273,300,BLOCK WALNUT ST,Eau Claire Police,9,6,2,52,AM,2,44.821436,-91.513917,
DISTURBANCE,FIGHTING,Eau Claire PD 0115018270,300,BLOCK E MADISON ST,Eau Claire Police,9,6,2,36,AM,2,44.816245,-91.50307,
DISTURBANCE,DISORDERLY CONDUCT,Eau Claire PD 0115018281,1200,BLOCK WHIPPLE ST,Eau Claire Police,9,6,2,30,AM,2,44.811454,-91.513465,near mayo clinic health system
TRAFFIC,OMV WHILE INTOXICATED,Eau Claire PD 0115018268,1200,BLOCK MENOMONIE ST,Eau Claire Police,9,6,2,0,AM,2,44.800319,-91.526388,
DISTURBANCE,FIGHTING,Eau Claire PD 0115018266,1500,BLOCK BELLINGER ST,Eau Claire Police,9,6,1,35,AM,1,44.814748,-91.511368,near a bar
BATTERY,NON-AGGRAVATED,Eau Claire PD 0115018277,300,BLOCK WATER ST,Eau Claire Police,9,6,1,20,AM,1,44.802189,-91.505676,water street
THEFT,FROM AUTO CAR ENTRY,Eau Claire PD 0115018264,500,BLOCK WATER ST,Eau Claire Police,9,6,1,11,AM,1,44.8022,-91.50981,water street
FRAUD,CREDIT CARD,Eau Claire PD 0115018525,2600,BLOCK ARTHUR ST,Eau Claire Police,9,6,1,0,AM,1,44.778337,-91.465633,
DISTURBANCE,,Eau Claire PD 0115018262,2800,BLOCK STARR AV,Eau Claire Police,9,6,12,30,AM,0,44.846635,-91.479048,
ORD COMPLAINT,UNDERAGE DRINKING,Eau Claire PD 0115018257,200,BLOCK NIAGARA ST,Eau Claire Police,9,6,12,7,AM,0,44.804099,-91.50338,
